DOB,X._FREQ,Fear,Actv,Affc,Aggr,Anx,Aut,Buly,Caut,Clmy,Conv,Cool,Cur,Decs,Defn,Depd,Depr,Dist,Dom,Dsor,Errc,Exct,Frdy,Gntl,Help,Imit,Impl,Indp,Indv,Innov,Inqs,Intll,Invt,Irri,Jeals,Lazy,Manp,Pers,Play,Pred,Prot,Quit,Reckl,Sens,Soc,Sol,Stbl,Stngy,Subm,Symp,Thot,Tim,Unem,Unper,Vuln,moods,social,goals,bechimp,age,sex,DOPR
1/1/1976,3,2,3,2.666666667,6,2,2.333333333,6,5.333333333,2.333333333,2.666666667,4,5.666666667,5.666666667,5.333333333,1,1.333333333,2.333333333,6,2.333333333,3.333333333,5,1.333333333,2,2.333333333,2,5,5.666666667,5,3,5.333333333,5.333333333,4,4.333333333,6,3.666666667,5.666666667,5.666666667,2.333333333,5,2,2,3,4.666666667,3,3.666666667,3,6.333333333,1,1.666666667,3.666666667,1.333333333,3.333333333,1.333333333,2.666666667,4,4.333333333,6,4.333333333,30.61738535,0,8/14/2006
1/1/1978,3,4.666666667,3.333333333,5,1,2.333333333,3.333333333,1,5,2.333333333,5,4.666666667,3.333333333,3.666666667,1,2.333333333,2.333333333,2,3.333333333,2.666666667,1.333333333,2.666666667,5.666666667,5.333333333,3.333333333,4.333333333,2.666666667,4.333333333,3.666666667,2,4,4.666666667,3.333333333,1,1.666666667,3.666666667,2.666666667,4.666666667,4.333333333,5.666666667,3,3.666666667,3.333333333,4.666666667,6,2.333333333,6.333333333,3,2.333333333,3.666666667,1.666666667,2.666666667,4.333333333,2.666666667,2,6,5,6.333333333,5,28.2801734,0,4/13/2006
1/1/1973,3,1.666666667,2.333333333,5.333333333,2,1.333333333,2,1.333333333,6.333333333,2.333333333,4.666666667,5.333333333,3.666666667,5.333333333,2.333333333,2.333333333,1,3.333333333,1.666666667,1.666666667,1.666666667,2.666666667,4.666666667,6.333333333,5,2,2.666666667,4.666666667,2,2,2.333333333,4.666666667,2.666666667,1.666666667,1.666666667,4.333333333,4.666666667,5,2.333333333,5.333333333,6,4.333333333,1.666666667,5.666666667,5.666666667,2.666666667,5.666666667,2.666666667,1.333333333,6.333333333,2.333333333,1,5,3.333333333,2,4.5,3,4.666666667,5,34.91033539,0,11/30/2007
3/20/1986,3,1,4,2.333333333,5.666666667,3,1,6,4,4.333333333,3.333333333,4,4,4,4.666666667,3.333333333,1,3.666666667,5,3,1,3.333333333,3,2.666666667,1.666666667,4,4.666666667,4.333333333,4.666666667,4,4,4,3.666666667,4.666666667,5.333333333,4,4.666666667,4.666666667,4,4,3,4,5,4,3.333333333,4,3.333333333,4.333333333,2.333333333,2.333333333,5,4,3.666666667,4,3.666666667,4,4.333333333,5.333333333,5,20.29021218,0,7/4/2006
1/1/1976,3,3.333333333,5.333333333,2.333333333,4.333333333,1.333333333,1.333333333,6,3,2,3.666666667,1.666666667,3.666666667,3.666666667,4,1.666666667,2.333333333,5.333333333,6,1.666666667,2.333333333,4.666666667,2.666666667,1.666666667,3,1.333333333,3.666666667,3.666666667,3.666666667,1.666666667,3.666666667,3.666666667,2.333333333,5,3,1.333333333,2.333333333,3,3.333333333,4.333333333,2.333333333,4.333333333,4.333333333,3.666666667,4,3,2.666666667,4.333333333,1.666666667,2,3,4,2.333333333,3.666666667,3.333333333,4.666666667,4.333333333,4.333333333,3.666666667,30.62651152,1,8/17/2006
3/1/1980,3,3,5.333333333,5.333333333,3,1,3,3.333333333,2.333333333,3,5,4.333333333,5.666666667,3.333333333,4,1.333333333,1,3.666666667,4.666666667,3,2.333333333,5.333333333,4.333333333,3,4.666666667,1.666666667,4,6.333333333,4.333333333,4,5,3.333333333,5.333333333,4.333333333,4.333333333,2,2,4.666666667,4,5.333333333,3.333333333,3.666666667,4,4,4.666666667,2,4.666666667,5,1,4,4.666666667,2.333333333,3.333333333,3.333333333,1.666666667,4,5,5.333333333,5,27.83025325,1,11/30/2007
1/22/2005,4,3.5,5.5,4,2,1,1,1.25,3,2,3,2.75,5.5,2.5,1.75,5,1.25,3.5,3,2,1.25,1.5,4,3.5,3.25,4.5,1.5,3,1.5,3.25,4.25,2.75,4.75,2,2.75,1,2.25,4.25,5.5,2.5,2.75,2.25,2.75,3.5,5.25,1.75,3.75,2.75,3,4.5,3.5,2.5,3,2.5,1.25,5.5,5.25,5.25,5.25,2.590691307,0,8/26/2007
3/18/1991,9,1.333333333,3.333333333,4.666666667,3.333333333,3,1,3.666666667,5.666666667,3,4.666666667,4.666666667,4,4,2.666666667,4,1,3,2.666666667,3,1,3,5,5,3.333333333,3.333333333,3,4.333333333,4.666666667,3.666666667,4,4,3.666666667,2.666666667,3,4.666666667,2.666666667,3.666666667,3.333333333,3.333333333,3,4,3,4,4,4.666666667,5,3,3.333333333,3.666666667,2,4,4.333333333,3,4.333333333,4.666666667,4.666666667,5,4.333333333,15.24070272,0,6/13/2006
12/7/1989,6,1,4.666666667,3.666666667,4.333333333,2.333333333,1,4.333333333,4.666666667,3.333333333,4.333333333,3.333333333,5,4.666666667,4,3.333333333,1,3.333333333,3.333333333,2,1,3.666666667,3.333333333,4.333333333,4.333333333,3.666666667,3,3.666666667,4.333333333,4,4,5,4.333333333,3,4.666666667,3,4,4.333333333,5,5.333333333,4.666666667,4.333333333,4,4,4,4,3,5,3.666666667,4.333333333,3.333333333,3.333333333,3.666666667,3.333333333,4.666666667,3.666666667,3.666666667,3.666666667,3.333333333,16.56856035,1,7/2/2006
4/24/2000,3,5,4.666666667,3.666666667,4,3.333333333,2.666666667,5.333333333,5.333333333,3.333333333,3.333333333,3.666666667,5.333333333,4.333333333,3.333333333,4.666666667,2.333333333,2.666666667,5.333333333,2,2.666666667,3.666666667,3.333333333,3.333333333,2.666666667,4,3.333333333,3,2.666666667,4.666666667,5.333333333,5,4.666666667,4,4.333333333,3,5,5.333333333,4.666666667,4.333333333,3.333333333,2.666666667,2.333333333,4,3.666666667,2.666666667,3.666666667,4,3.333333333,3,5.333333333,3.333333333,3.333333333,3.333333333,4.333333333,5,4.666666667,4.666666667,4,6.30618298,1,8/14/2006
9/12/1995,6,1,4.666666667,3.666666667,5,3.333333333,1,5,3,3.666666667,4,3.666666667,4.333333333,4.666666667,4.666666667,3,1,4,5.333333333,3.666666667,1,4.333333333,3.333333333,3.333333333,4,4,4.333333333,4.333333333,4,4,4.333333333,4.666666667,4.333333333,3.666666667,4.666666667,3,5,4.666666667,4.666666667,4,3.666666667,4,4.666666667,4,3.666666667,3.666666667,4.666666667,4.333333333,2.333333333,3.666666667,4.333333333,2.666666667,3.666666667,4,3,6.333333333,5.666666667,6.333333333,6.333333333,10.86926762,1,7/26/2006
3/13/1969,4,4,2,4,3.75,1,1.5,3.25,4,1,3.25,3.25,4.25,3.5,3.25,3.75,1.25,3.5,4.25,1.5,1.75,3.75,3.75,4.25,3.75,2.75,3,4.25,3.75,3.5,3,3.75,3,2.75,4.25,3.75,4.25,4.75,2.5,4,3.75,2.25,2.5,3,3.5,4.25,4,5.25,3.25,4.5,2.5,2.5,2.25,2.75,4.5,4.5,4.25,4.75,4.5,38.45516769,0,8/26/2007
12/28/1999,4,3.25,5.5,4.25,4.25,1,1.25,5,3.75,1,2.75,4,6.25,4,4.75,2.75,1,3.25,4.5,1.25,1.5,1.75,3.75,4.25,4.75,3.5,3,3.5,3.75,5.75,6.25,5,5.75,2,4.25,1,3.75,5.25,6.25,2.75,5,1.75,3,4.75,5,1.5,3.5,4.75,2.25,5,4,1.5,1.5,2,3.25,5.75,5.5,5.75,5.5,7.661419119,0,8/26/2007
2/21/1971,3,1,2.666666667,5.333333333,2,2.333333333,1,3,3.666666667,2,4.333333333,3,4.333333333,3,2.333333333,2,1,2.666666667,3,2,1,3.666666667,4.666666667,5.333333333,5,3,4.666666667,3.666666667,3,3.333333333,3.333333333,3.333333333,2.666666667,3,3,4.333333333,3,3.333333333,3.333333333,3.666666667,5,3,2,4.333333333,4.666666667,3,4,1.666666667,3.333333333,5.666666667,1,3,4,3,3,3.666666667,3,3.666666667,3.333333333,35.37303217,0,7/7/2006
2/21/1971,3,1,6,4.666666667,2.666666667,1,1,2.333333333,2.333333333,2,5.333333333,5,5,6,3,1,1,2,6.333333333,1,1,2.666666667,5.666666667,6,6,3,2.333333333,5.333333333,3.666666667,3,3.666666667,5,4,2,1.333333333,1.333333333,5.333333333,6,3.666666667,4.666666667,4.333333333,3.333333333,2,5.333333333,5.333333333,1.333333333,4.666666667,3.333333333,1,6.333333333,2,1.666666667,3.333333333,2,1,6.666666667,6.333333333,6.666666667,6.333333333,35.36846909,1,7/5/2006
11/16/1990,3,4.666666667,4.333333333,3,5.666666667,3.333333333,2.666666667,6,2.666666667,3.666666667,2.666666667,2.333333333,3,3,5.666666667,4,3,4.666666667,6.333333333,4.333333333,4,5.333333333,2,2,3,2.666666667,5.666666667,5.666666667,4,2,2,3,3,6.333333333,3.666666667,2.333333333,4,3.666666667,3.666666667,3.333333333,2,4,5.333333333,2.666666667,4.666666667,2.666666667,3,5.666666667,1.333333333,2,5.333333333,4.333333333,2,4.333333333,2.666666667,3.333333333,4,4.666666667,3.333333333,18.26328998,1,2/19/2009
10/16/2005,4,3.75,6,5,1.75,1,1.75,1.75,4.75,2.75,3,2.25,5,2,1.75,4.75,1.75,3.5,1.75,1.5,1.75,2.5,4.5,5,3.5,4.5,2.75,3.25,2.5,2.75,4.75,3.5,4.25,1.75,3,1,2,3.5,5.5,2.5,4,3.25,3,3,5.5,2.25,4,3.25,3.5,4.75,3.25,2.25,3.25,3,2.5,5.5,5.5,4.75,5.25,1.861054073,1,8/26/2007
4/5/1978,3,5,3,4,3,2.333333333,1.666666667,2.666666667,4,2,4,3.666666667,2.666666667,3.666666667,2,4.333333333,3,3.333333333,5,3,3,4,3.333333333,4,3.666666667,2,4,4.666666667,3,3,3,4.333333333,2.333333333,3.666666667,1.666666667,3,4.333333333,3,2.666666667,3.666666667,3.666666667,3.666666667,2.666666667,4,4.666666667,2.333333333,3.666666667,2.666666667,2.333333333,3.666666667,3,4.333333333,3.333333333,3.666666667,3.666666667,4,4,3.666666667,2.666666667,30.63563769,1,10/23/2008
3/5/1990,4,4.75,4.25,3.5,3.25,3.75,1.75,3.75,5.25,1,3,2.75,4.25,3.75,1.75,3,2.75,3.25,4,1.75,1.25,2.5,3.25,3.25,4,2.75,3.75,3.5,3.25,3.5,3.75,3.5,4,2.25,3.5,1.25,3.75,3.75,3.25,3.75,2.5,1.5,3.5,4.25,3.25,2.75,3.75,4.5,2.75,3.25,3.25,4,2.25,2.25,2.75,4.5,4.75,4.5,3.75,17.4770705,0,8/26/2007
6/26/1989,3,5,5.333333333,4,2.333333333,4,1,2.666666667,2.666666667,4.333333333,4,3.666666667,6,3.333333333,3,3.666666667,1,4,1.333333333,3,1,5,4.333333333,4,2.666666667,4.333333333,4.666666667,4,4.333333333,4.666666667,4.666666667,3.666666667,4.666666667,3.666666667,1.333333333,3.333333333,1.666666667,4,5,4,3.666666667,4,5.333333333,3.666666667,4,3,3.666666667,1.666666667,4.333333333,2.666666667,4.666666667,3.666666667,3.666666667,4,5.333333333,3.333333333,3.666666667,3.666666667,3.666666667,17.07141227,0,7/22/2006
6/12/1994,4,4.75,4,3.75,3,2.75,1.75,3.5,5.25,1.75,3.75,3.25,5,4.5,2.5,4.25,2.75,3.25,2.75,1.75,2.25,2,4.5,4,3.25,3.25,2.25,3.75,2.75,5.5,4.75,4.25,5.5,1.25,3.25,3,3,4.5,4.5,2.5,3.25,2,2,4.25,3.5,3.5,3.5,3,3.75,2.75,2.75,4,2.5,2.25,4.75,5,5,4.5,4.25,13.20670773,0,8/26/2007
12/12/1980,3,4.666666667,4,3.666666667,1.333333333,4.333333333,3,1.666666667,6.666666667,1.333333333,2.333333333,2.333333333,6.666666667,4.666666667,2.333333333,2,5,2.666666667,3,1.333333333,2,5.333333333,2.333333333,3,2.333333333,2,5.666666667,5.333333333,6.333333333,6.666666667,6.666666667,4.333333333,6,4.666666667,2.666666667,2,3.333333333,5,5.666666667,2.666666667,3.666666667,1.666666667,1.333333333,5,3.333333333,6,4,5.666666667,3.333333333,3,3,4,1.666666667,1.666666667,5,3.333333333,3.333333333,4.333333333,4,25.67282683,0,8/15/2006
6/19/2000,3,4.666666667,4,2.333333333,3.333333333,1.666666667,1.666666667,3.666666667,5.333333333,3,2.666666667,3.333333333,5.666666667,3.666666667,2.666666667,5.666666667,2.333333333,3.666666667,3.333333333,2.666666667,2,2.666666667,2.666666667,2.333333333,2,4,3.333333333,4,4.333333333,3.666666667,5,3.666666667,3.666666667,4,3.333333333,1,3.333333333,5,5.666666667,3.666666667,3.333333333,4,4.333333333,4.333333333,4.333333333,2.666666667,4,5,4.333333333,3,3.666666667,3.333333333,2.666666667,3.333333333,2.333333333,6,6,4,5,6.156513803,0,8/15/2006
3/12/1997,3,1,5,4.333333333,2.333333333,2.333333333,1,4.333333333,5,4,4.666666667,4.333333333,5,4,3.666666667,4.666666667,1,3.333333333,3,2,1,3.333333333,3,4,3.666666667,5,3.333333333,4,3.333333333,5,6,4.666666667,4.333333333,3.333333333,4.333333333,3,4.666666667,4.666666667,5.333333333,5,4.666666667,3.666666667,4.666666667,5,4.666666667,3,4.666666667,4.333333333,4,3.666666667,4,4.666666667,4.333333333,3.666666667,4,5.333333333,4.333333333,6,5.333333333,9.306867442,1,7/2/2006
2/12/1991,9,1,4.333333333,3.666666667,3.666666667,3,4.666666667,4.333333333,3.666666667,3,4,3.333333333,4.333333333,4,3.333333333,3,1.333333333,3.333333333,3.666666667,3,1.333333333,3,3.666666667,4,3.666666667,3,3.666666667,4.333333333,4.333333333,3.666666667,4,4,4,3,4,3.333333333,2.666666667,4,4,4,3.666666667,4,3.666666667,4,3.666666667,3.333333333,3.666666667,4.333333333,3,3.333333333,3.666666667,4.333333333,4.333333333,3,4,4.333333333,4.333333333,4.666666667,4.666666667,15.33196441,0,6/13/2006
5/17/1986,6,3,3.666666667,2.666666667,4.333333333,4.333333333,6.666666667,4.666666667,4,4.333333333,3.333333333,3,4,3.333333333,5,3,1,4.666666667,3.666666667,4,2.333333333,4.333333333,2.666666667,2.666666667,2.666666667,3.333333333,5,4.333333333,4,3,3.333333333,3,3,4.333333333,5.333333333,4.333333333,4.333333333,4.666666667,2.333333333,4,4.666666667,4.666666667,5,3.666666667,2.666666667,4.666666667,2.333333333,5,3.333333333,2.666666667,3.333333333,4.666666667,3,3.666666667,4.333333333,3.333333333,3.333333333,3.333333333,3,20.12685375,1,7/2/2006
1/1/1978,4,4,1.75,2.25,2.25,3.25,4.25,3.25,2.25,3.5,2.5,1.75,3.25,2,2,4.25,4.25,3.5,2,3,2.75,4.25,3.5,5,2.75,1.5,4,3.5,5,2,2.25,1.75,1.5,1.5,2.75,4.5,1.75,2,3.25,3,2.25,3.25,4.5,2,2.25,5.25,2.25,4.25,3.5,3.5,4,3.75,2.75,5,4.25,3.25,3.75,3.5,3,29.63791923,1,8/22/2007
1/1/1983,3,3.333333333,3.333333333,3.666666667,2.666666667,1,3,4.333333333,3,1.666666667,4,4,4.666666667,2.666666667,2.333333333,2.666666667,2.666666667,3,4.333333333,2,2,4.666666667,3.666666667,3,2.333333333,1.333333333,2.333333333,3,3.333333333,1.666666667,3.333333333,2.666666667,2.333333333,4,2.333333333,1.333333333,2,2.666666667,2,4.666666667,3.333333333,3.666666667,4.333333333,3.333333333,3.666666667,2.333333333,4.666666667,5,2.666666667,3.333333333,5,3,2.333333333,2.666666667,2,2.5,4,4,5,24.91170431,1,11/30/2007
3/1/1971,3,3,2,4.666666667,2.333333333,2.333333333,2.666666667,3.666666667,5,3,3.666666667,5,3,3.666666667,2.666666667,1.333333333,3,2.666666667,2.333333333,1.666666667,1.333333333,2.666666667,3.666666667,4,1.666666667,3.333333333,2.333333333,5.666666667,4.333333333,2.333333333,3,4.666666667,3.333333333,2.666666667,3.333333333,4.333333333,3.333333333,3.333333333,3.666666667,6,1.666666667,4.666666667,3.333333333,4.666666667,2.333333333,4.666666667,4.333333333,2.666666667,4,2,3,2,4.333333333,4,3.333333333,5,4,5,5.333333333,36.83048141,0,11/30/2007
2/21/1971,3,1,4.666666667,4.333333333,3.666666667,2.333333333,1,3.333333333,4,4,4,5,5,4,3.666666667,3.666666667,1,4,4.333333333,3,1,3.333333333,4,4.333333333,4,3,2.333333333,4,3.333333333,3.666666667,4.666666667,4.333333333,4,2.333333333,3.333333333,2.666666667,4,5,4.666666667,5,4.333333333,3.666666667,4,4,4.666666667,3,4.333333333,4.666666667,3.333333333,4.333333333,2.666666667,3.333333333,4.333333333,3.666666667,4,5,4.666666667,5.333333333,5,35.36573123,1,7/4/2006
2/21/1977,6,1.333333333,3.333333333,4,3.333333333,2.666666667,1,4,4,3.333333333,4.666666667,4.333333333,3.333333333,4.666666667,3,3.333333333,1,3,4,2.666666667,1,3,3.666666667,4.333333333,4,3.666666667,3.666666667,4,3.666666667,3,4,4,3,2.666666667,3.666666667,3.333333333,2.666666667,4.333333333,2.666666667,5,4,4,3.333333333,4.333333333,4,4.333333333,4.666666667,4.666666667,3.333333333,4,3,3.333333333,4.333333333,3,4,3.333333333,3.333333333,3.333333333,3,29.30595483,1,6/13/2006
1/1/1966,3,3,2,4,3.666666667,2.333333333,3,4.333333333,4.333333333,3,5.333333333,3.666666667,2.666666667,4,2.666666667,2.666666667,3.666666667,3.666666667,4.333333333,3,2.666666667,3,4.333333333,4,3.333333333,2.666666667,2.666666667,4,5,2.333333333,2.666666667,2.666666667,2.666666667,2.333333333,3,6,3,3,2.666666667,5.333333333,3.666666667,4.666666667,4.666666667,3.333333333,4,5.666666667,4.333333333,4.333333333,3,3.666666667,4,3.333333333,4.333333333,4.333333333,4.333333333,4.666666667,4.333333333,4.666666667,4,40.61875428,1,8/15/2006
1/1/1982,4,1.333333333,4.333333333,4,3.666666667,4,1,3.666666667,3.666666667,4,3.666666667,3.666666667,4,4,3.666666667,3.666666667,1,4,3.333333333,3.333333333,1,4,4,3.666666667,3.666666667,4,4.333333333,4.666666667,5.333333333,4,4,4,4,3.666666667,4.333333333,3.666666667,3.333333333,4,4,3.666666667,3.666666667,4,4.666666667,4.333333333,3.333333333,4.666666667,3.666666667,3.666666667,4,3.333333333,4.666666667,4.333333333,3.666666667,4,4.333333333,5,4.666666667,5.666666667,5.333333333,24.54848277,1,7/20/2006
1/1/1978,3,1,2.666666667,5.666666667,3.333333333,2.333333333,1,3.666666667,3,3.333333333,4,3,4.666666667,3.333333333,4.333333333,3,1,3.333333333,5,2,1,4.666666667,3.666666667,4,4.333333333,3,4.666666667,4,2,3,4,4,3.333333333,2.666666667,5.333333333,3.333333333,4,4.666666667,3,3.666666667,3.666666667,3.333333333,3,4.333333333,4.333333333,2,3.666666667,5.333333333,2.666666667,5,2,2.333333333,3.666666667,3,3.666666667,5,5.666666667,6,4.666666667,28.51289071,0,7/7/2006
12/16/1964,3,2,1.333333333,1,1,1,1.666666667,2,3.333333333,1.333333333,1.666666667,3.333333333,2.333333333,2,1.666666667,1.333333333,1.333333333,2.666666667,1.333333333,1.666666667,1.333333333,1.333333333,1.333333333,1,1,1.333333333,1.333333333,4,1,1,1.666666667,1.333333333,1,1.333333333,1,3.666666667,2,1.333333333,1.333333333,3.333333333,1,3,2,1.333333333,1.333333333,2.666666667,1.666666667,2.333333333,1.333333333,1.333333333,1.333333333,1.666666667,3,1.333333333,1,3,2,3,2.333333333,41.54414784,0,7/3/2006
2/21/1971,3,1,4.666666667,4.333333333,3.333333333,2,1,3,4.333333333,3,3.666666667,3.333333333,5.333333333,4.333333333,5,4,1,4.333333333,5.666666667,2,1,5,4,4.333333333,5,3.333333333,3.666666667,5.333333333,3.666666667,4,4.666666667,4.666666667,4.333333333,3.333333333,4.333333333,2.666666667,5.333333333,5.666666667,4,4.666666667,4,4,4.666666667,4.666666667,4.333333333,2.666666667,2.666666667,5,2.666666667,4,2.666666667,3,3.333333333,3,3.666666667,4.333333333,4.333333333,5.333333333,5,35.40406115,0,7/18/2006
6/4/1990,3,3,4.333333333,4,3.666666667,2,1,3.333333333,5,4,4.333333333,4.666666667,5,4,5,1.666666667,1,4,7,3,1,3.333333333,3.666666667,3.666666667,3.666666667,3.666666667,4,3.666666667,4.333333333,4.333333333,4.333333333,4,4,3,3.333333333,3,5.666666667,6.333333333,5,3.666666667,3,3.666666667,3.333333333,4.666666667,4.333333333,3,3.666666667,4.666666667,1.333333333,3.333333333,3.333333333,3.333333333,4,2.666666667,1.333333333,6.666666667,6.333333333,6.666666667,6.666666667,16.13780516,1,7/24/2006
3/30/2001,3,4.666666667,4,4,1,2.333333333,2,1,5.333333333,1,4,1.333333333,5,3.333333333,1.333333333,6,3,3.666666667,2,1,1.666666667,2,4.666666667,4,2,4.666666667,1.333333333,2.333333333,2,3.333333333,4.666666667,4,3.333333333,1,3.333333333,1,2.333333333,4,5.666666667,4.666666667,3.666666667,1.666666667,2.333333333,3.666666667,4,2.666666667,1.666666667,2.333333333,6,3,3.333333333,4.333333333,2,3.666666667,5.666666667,3.666666667,3.666666667,2.666666667,3.666666667,6.473191878,0,9/19/2007
1/1/1980,3,2,1.666666667,4.333333333,3,1,1.333333333,3.333333333,4,1.333333333,5.333333333,5,3,4.666666667,1,1.333333333,1,3,4.666666667,1,2,1.666666667,4,4.666666667,4.666666667,2,1.666666667,3.666666667,2,2,3,4.333333333,2,2,3.333333333,2.666666667,2.333333333,3,2.666666667,5.666666667,4,3.666666667,2.666666667,3.333333333,3.666666667,2.666666667,5,5.333333333,1,5,1.666666667,2,4,3.666666667,1.666666667,5.333333333,5.666666667,6.666666667,5.666666667,27.71617614,0,9/19/2007
11/23/1988,3,5,4,3.666666667,3.333333333,4,1,3.666666667,5,4.333333333,4,3.333333333,4.666666667,4,4,5.333333333,1,3.666666667,1.666666667,4,1,3,4,3,3.333333333,3.666666667,4.333333333,4.333333333,5,4,4,4.333333333,4,2.666666667,2.333333333,4,2.666666667,3,3,3.666666667,4.666666667,4.333333333,3,4.333333333,4,4,2.333333333,4.333333333,5,3.666666667,3.666666667,4.333333333,4,3.666666667,5,4,3.666666667,3.666666667,3.666666667,17.67191421,0,7/26/2006
2/21/1977,4,4.333333333,3.333333333,4,3,4.666666667,4.666666667,2.666666667,4,4,4,3.666666667,4,4,3.666666667,4.333333333,2.666666667,4,2.333333333,4,1.666666667,4,5,4.333333333,3.666666667,4,4.333333333,4.333333333,4.333333333,4,3.666666667,3.666666667,4,3,3.333333333,4.333333333,3.333333333,3.333333333,3.666666667,4,4,4,4,4,4,4.333333333,4,4,4.666666667,4,3.333333333,4.666666667,3.666666667,4,4.666666667,3,3,3.333333333,2.333333333,29.42642026,0,7/27/2006
2/21/1978,5,1,4.666666667,3.666666667,5.333333333,3,1,4.666666667,3,3.333333333,3.333333333,3.666666667,5.333333333,5,5,2.333333333,1,3.666666667,5.333333333,3.333333333,1,4.333333333,2.666666667,3,3.666666667,4,4,5,5.333333333,3.666666667,4,4.333333333,4,4.333333333,4.666666667,2.666666667,4.333333333,5,4,3.666666667,3.666666667,4,5,5,4,4,3.666666667,4.666666667,2.333333333,3,4.333333333,2,3.333333333,3.333333333,3,3.333333333,4,4.333333333,3,28.28838695,1,6/6/2006
5/9/1993,4,1,5.333333333,3.666666667,5.333333333,3.666666667,1,5.666666667,4,3.666666667,3.666666667,3.333333333,4.333333333,4.333333333,5,3,1,4,5,4,1,4.333333333,2.666666667,3,4,4.333333333,4.333333333,4.666666667,4.666666667,4,4,4.333333333,4.333333333,4,4.666666667,3.666666667,5,5.666666667,4.666666667,3.666666667,4,4,4.333333333,4,3.666666667,3,3.333333333,4.333333333,2.666666667,3,4.333333333,3.333333333,3.666666667,4,3.333333333,5.333333333,5.666666667,5.666666667,5.666666667,13.09696555,1,6/13/2006
6/1/1982,3,3.666666667,6,3.666666667,4.666666667,3.666666667,4,4.666666667,3.666666667,3,3.333333333,4,5.666666667,3,3,3.333333333,4.666666667,3.666666667,4,4,3.666666667,4,3.333333333,3,3.333333333,4,3.666666667,4.666666667,3.333333333,5,5,3.333333333,5,4,4.333333333,2.666666667,3,5,5.666666667,4.333333333,3,3.333333333,3.666666667,3.333333333,3.333333333,5.666666667,3.666666667,4.666666667,3,3.333333333,4,4,3.666666667,4.666666667,4,3,2.5,4,2.333333333,25.498517,1,11/30/2007
1/1/1979,6,2.666666667,2.666666667,3.333333333,2.333333333,5,2.666666667,3,5,4.666666667,4.333333333,4,3.333333333,3.333333333,3,3.666666667,4.333333333,4.333333333,2.333333333,4,2.666666667,3.666666667,4,4.333333333,3,3.666666667,4.333333333,4.333333333,5.666666667,3.666666667,3.333333333,3.333333333,3.666666667,3,3.333333333,4.333333333,2.333333333,3.666666667,2.666666667,3.666666667,4,4,4.333333333,3.666666667,2.666666667,6,3.666666667,4,4,3,4,5.333333333,4,4.333333333,5,4.333333333,3.333333333,3.333333333,4,27.56468172,1,7/26/2006
7/26/1995,5,5.2,5,4.2,4.8,2.8,3,5.2,3.6,4,4,3.4,2.6,2.8,3.8,3.4,2.4,4,4.8,4.2,4.6,4.6,3.6,3.2,3,3.8,4.4,4.2,4,2.8,2.2,3,3,5,4,2.4,2.8,5.2,5.2,4.2,3,3.4,5.6,3.2,4.6,3.4,3.2,5.4,3.8,3.6,5.6,5.4,2.8,4.8,4,4.8,5.2,5,5.2,11.12388775,1,9/9/2006
5/18/1995,4,4,2.75,3.75,1.5,1.25,1,1.75,4.75,1.25,4,4,4.5,5,1.5,2.25,1.75,2.25,3,1.5,1.5,1.25,4.25,5,4,3.25,1.75,4.25,2,3.75,4.25,4.25,4.75,1.5,3.5,1.5,2.75,4.25,3.75,2.75,3.25,1.5,1.25,4.5,4,3.75,5,2.5,4,3.75,2.75,1.75,2.75,1.5,2.75,4.75,4.5,4.25,4,12.27583847,0,8/26/2007
2/21/1979,3,1,3,3.333333333,3.333333333,3,2,2.333333333,4,4,4,4,4.333333333,4,4.333333333,2.333333333,1,4,3.666666667,2.666666667,1,3.666666667,3.666666667,3.333333333,2.666666667,4,3.333333333,4,4.666666667,3,2.666666667,4,3.666666667,2,4.333333333,4.333333333,3,4.333333333,2.666666667,4.333333333,3.666666667,4,3.333333333,4,3.666666667,3.666666667,4,4.333333333,3,2.666666667,3.333333333,3.333333333,4,3.666666667,3.333333333,5.333333333,5,5.666666667,5.666666667,27.42687657,0,7/26/2006
6/2/1992,3,5.333333333,2.666666667,2.333333333,2.333333333,4,5,2.666666667,4.333333333,4.666666667,5,2.333333333,2.666666667,3,2.333333333,3,3.333333333,3.333333333,2.666666667,4,3.333333333,4.666666667,2,2.666666667,2.333333333,2,5.333333333,5,5,3,2.333333333,2,2.666666667,5,3.333333333,5,2.333333333,2.666666667,2.666666667,4.333333333,4,5,3,2,2.666666667,5,3,3.333333333,3.333333333,2.333333333,2.666666667,5.333333333,2.333333333,5,5,3.333333333,2.666666667,4,3.666666667,14.16016427,0,7/31/2006
6/13/1990,4,1,3,4.333333333,2.333333333,4.333333333,1,3,5,4,4,3.666666667,3.666666667,4,2.333333333,4.666666667,1,4,3,3.666666667,1,3.333333333,4.333333333,4.333333333,3,4,3.666666667,3.666666667,4,4,4,4,4,2.666666667,3.333333333,4.333333333,3,3.666666667,3.333333333,4.333333333,4.666666667,4,4,4,4,4.666666667,4,3.666666667,5,4,3.666666667,4.333333333,4.333333333,4,5,4.333333333,3.666666667,4,3.666666667,16.05019393,1,7/1/2006
7/21/1999,6,2.666666667,6,4.333333333,3,3,1,3.666666667,4,3,4.333333333,3.333333333,5.333333333,4.333333333,3.333333333,4.666666667,1,3.333333333,2,3,1,3,4.666666667,4,3.333333333,4.666666667,3.333333333,4,3,4.666666667,5,5,4.666666667,3.333333333,3.666666667,2.333333333,2.666666667,3.666666667,5,4.333333333,4,4,3.666666667,5.333333333,4.666666667,3,3.333333333,4,4.333333333,3.666666667,5,3.666666667,3.333333333,2.666666667,4.666666667,4,4,3.333333333,3.333333333,6.896646133,1,6/13/2006
12/19/1986,3,3.333333333,3.666666667,2.666666667,4,1,1,3,5,3,4.333333333,4.666666667,4.666666667,4,2.333333333,3,1,2,2,2,1,2,3,2.666666667,2.333333333,3,2.666666667,4.333333333,5.333333333,3,3.666666667,4,3,2.333333333,2,2.333333333,3.333333333,4,3.666666667,4,4,4.333333333,2,4.333333333,3,3.666666667,5,1.666666667,4.666666667,2.666666667,3.333333333,3.333333333,3,3,4,4.666666667,5.333333333,4.666666667,4.666666667,19.547342,0,7/6/2006
9/18/1987,4,1,4,4.333333333,4.666666667,3.333333333,1,4.666666667,3.666666667,3.666666667,3.666666667,4.333333333,4,4.333333333,4,3,1,4,5.666666667,3.333333333,1,4,3.333333333,3.666666667,4.333333333,4,3.666666667,4.666666667,3.666666667,4,4,4.666666667,4,3.333333333,4.666666667,3.333333333,5.333333333,5,4,4,3.666666667,4,3.666666667,4.666666667,4.333333333,3.333333333,4.666666667,4.333333333,2,4,4,2.666666667,4.333333333,4,3,6.333333333,6.333333333,6.666666667,6.333333333,18.81086014,1,7/10/2006
2/17/1983,6,1.333333333,4.666666667,3.666666667,3.666666667,3,5,4,4.333333333,2.666666667,3.666666667,3,5,4.666666667,4.333333333,3.666666667,1,4,4.333333333,3.333333333,1.333333333,4.666666667,4.333333333,4,3.333333333,3,4.333333333,4.333333333,3.666666667,4,4.333333333,4.666666667,3,5,4,2.666666667,3.666666667,4.333333333,3.333333333,3.666666667,4.333333333,4,4.333333333,4.666666667,4,4,3.666666667,4.666666667,3.666666667,3.666666667,4.333333333,3.666666667,3.666666667,3,3.666666667,3.666666667,4,4.333333333,3.333333333,23.2991102,1,6/6/2006
9/9/1984,4,1,3.666666667,4,2.666666667,4,1,2.666666667,4.666666667,4,4,4.333333333,4.333333333,3.666666667,3,4,1.333333333,4,3,3.666666667,1,3.333333333,4.333333333,4.666666667,3.666666667,4,3.333333333,4.333333333,4,4,4,3.666666667,4,2.666666667,3.666666667,4.333333333,2.666666667,4,3.666666667,4.333333333,4,4,4,4,4,3.333333333,4.333333333,4,4,4.333333333,3.666666667,4.333333333,4.666666667,4,4.333333333,5.333333333,5,5,5.333333333,21.83070956,1,7/9/2006
12/15/1980,4,3,1.75,4.5,2.75,2.75,1.5,3.25,2.75,2.25,4.75,3.5,4.75,4.75,2,2.25,2.5,1.25,4.75,1,1.25,2,3.25,5.25,4.25,1.25,2.5,2,4,2.25,3,5.5,2,3.25,2,4,3.5,4.25,3,4.75,5.75,2.5,1,4,4.25,4.75,4.5,3.5,2.25,5.25,1.25,1.5,3,2,3.75,3.25,3.75,4.25,4.25,26.68651608,1,8/23/2007
7/28/1995,3,5.333333333,4,3.333333333,1.333333333,3.333333333,4,1,6,1,2,1.333333333,6,4.333333333,1.666666667,2,4.666666667,4,1,3,5,5.666666667,3.333333333,3.666666667,3,3.333333333,5,4,6.333333333,4,5.333333333,4.333333333,5,4.666666667,4.666666667,1,1,4.666666667,5.666666667,3,3.333333333,3.333333333,4,3.666666667,2.666666667,6.333333333,2,3.333333333,6.333333333,3.333333333,5.333333333,4.333333333,1.666666667,3,5.666666667,4,3.666666667,3.333333333,3.666666667,12.14601871,0,9/19/2007
2/21/1977,3,1,3,3.333333333,2.333333333,2.333333333,1,3,4,2,4,2.666666667,4,3.333333333,4.333333333,3.666666667,1,3.666666667,2.666666667,1,1.333333333,2.666666667,2.666666667,3,3,3,2.666666667,3.333333333,3.666666667,3,4,3,4,3.333333333,4.333333333,3.333333333,2.333333333,3.666666667,3,2.333333333,3.333333333,3.333333333,3,4,3.333333333,3,4,4.333333333,2.666666667,3,4,3.333333333,3.333333333,3,3.333333333,4.666666667,4.666666667,5.333333333,4.333333333,29.33059548,0,6/22/2006
2/21/1977,3,1,2.666666667,3,1.333333333,1,1,2,4.333333333,2,4.333333333,5.333333333,4.333333333,4.333333333,1.666666667,2.666666667,1,2,3,1,1,1.666666667,4.666666667,5,3.333333333,2,2.333333333,4.333333333,3.666666667,3.333333333,3.333333333,4,3.333333333,1.666666667,1.666666667,2.333333333,2.333333333,3.333333333,3.333333333,6,3,3,2,4,3,4,5,2.666666667,3,3.666666667,1.333333333,2,4.333333333,3.333333333,2.666666667,5.333333333,4.666666667,5,5,29.32694501,0,6/20/2006
11/27/1989,3,4.666666667,3.333333333,2.333333333,5.666666667,5.333333333,4.333333333,6.333333333,3,3.333333333,3,2.333333333,3.666666667,3.666666667,5,3,5.333333333,4.666666667,6.333333333,4,4.333333333,5,1.333333333,1.333333333,1.666666667,4.333333333,4.333333333,4,5,2,3.333333333,2,2,5.666666667,5,3.333333333,3.333333333,4.666666667,2,4,1.333333333,4.666666667,4.333333333,2,2.666666667,5,2,6,1,2,6,5,2.666666667,4.333333333,4,3.333333333,3.333333333,6,4,16.38512434,1,4/16/2006
5/15/1993,6,1,5,4.666666667,3.333333333,2,1,3.333333333,4.666666667,3.333333333,4.333333333,5,5,4.333333333,2.666666667,4,1,2.666666667,4,2.333333333,1,4,4.333333333,5,3,4,2.333333333,4.333333333,4.333333333,4.333333333,5.333333333,4.666666667,4.666666667,2.666666667,4,3,4.666666667,4.666666667,5,5.333333333,4,3.666666667,4,4.666666667,4,2.666666667,4.333333333,3.333333333,4,4,4,3,3.666666667,3.333333333,3.333333333,3.333333333,3.666666667,3.666666667,3.333333333,13.11978097,1,6/28/2006
1/31/1990,3,5.333333333,4.333333333,2,4,1,1,4,6.333333333,2,5,4.666666667,5,4.666666667,4.333333333,1,1,2.333333333,6.666666667,1,1,3.666666667,3.333333333,2,4,3.666666667,3,5.666666667,4,4,5,4.333333333,3.333333333,3.666666667,2.666666667,1.666666667,5,5,5,4.666666667,2.666666667,3.333333333,2,5,4.333333333,4.333333333,4.666666667,6.666666667,1,3.333333333,1.333333333,3,2,2,1.666666667,6,6.333333333,6.666666667,6.333333333,16.38512434,1,6/20/2006
4/30/1993,3,1,4,3.666666667,4,2.666666667,4.666666667,4,3.666666667,4,3.333333333,3.333333333,4,3,3.333333333,3.666666667,1,4,3,3,3.666666667,3.333333333,3,2.666666667,2.333333333,3,3.333333333,4,4.333333333,3,3.333333333,3,4,4,3.666666667,3,3,3.333333333,3,3.333333333,3,3.333333333,4.666666667,3.666666667,3,3,3.333333333,3.666666667,3.333333333,2,4,3.666666667,2.666666667,3.333333333,2.666666667,3.666666667,2.666666667,3.333333333,3.333333333,13.14533425,0,6/22/2006
2/21/1977,3,1,3,2.666666667,3,3,1,3,5,4,5.333333333,4.666666667,4.333333333,4,2.666666667,4.666666667,1,3,3.333333333,2,1,2.333333333,4.666666667,3.666666667,3,3.333333333,2.333333333,4.333333333,5,3,4,5,3.666666667,2.666666667,3,3.666666667,3.333333333,3,3,5.333333333,4.666666667,4,2.666666667,5,3,5.333333333,4.666666667,3.666666667,5,3.333333333,4,4.666666667,3.333333333,4,5,4,4,3.666666667,4.333333333,29.39174082,0,7/14/2006
7/28/1995,3,3.666666667,3.666666667,4.666666667,1,2,3,1.333333333,5.333333333,1,3,3,5.666666667,4.666666667,1.333333333,2.333333333,1,2,2.333333333,1.666666667,4,3.333333333,3.666666667,4,4.333333333,3.666666667,4.666666667,3.666666667,2,4.666666667,5.333333333,5,5.333333333,3.333333333,2.333333333,1,1.333333333,4,4.666666667,3.666666667,4.666666667,2,2.333333333,4.666666667,4,4.333333333,4.666666667,4,5,4.666666667,3.666666667,3.333333333,2.333333333,2.666666667,3.666666667,5,5,4.333333333,4.333333333,12.14601871,0,9/19/2007
2/21/1970,4,1,2.666666667,4,2.666666667,4,1,2.666666667,5.333333333,4,4,4.333333333,3,3.666666667,2.333333333,4.333333333,1,4,2,3.666666667,1,3,4.333333333,4.333333333,3.666666667,4,3.333333333,4.333333333,4.333333333,3.666666667,3.333333333,4,3.333333333,3,2.666666667,5,2.666666667,3,2.333333333,4.666666667,4,4,3.333333333,4,4,5,4.333333333,3.333333333,4.333333333,4,3,4,4,4,4.333333333,4,4,4,4,36.37143509,1,7/6/2006
2/21/1974,5,1,3.333333333,3.666666667,4,2.666666667,2.333333333,4.333333333,4,3.333333333,4,4.333333333,4.333333333,4,3.666666667,3.666666667,1,4,3.666666667,2.333333333,1,3.666666667,4.333333333,4,3.333333333,2.333333333,3.333333333,4,4.333333333,3.333333333,4,4,3.666666667,3.666666667,3,3.333333333,3,4,3.666666667,4.666666667,3.666666667,4,4,4,3.666666667,4.333333333,4.333333333,4,4,3.666666667,2.666666667,4,4,4,3.666666667,3.333333333,3.666666667,3.333333333,3,32.30572667,1,6/12/2006
1/5/1989,4,4,5.25,4.75,5.5,1.5,2,5.25,2,1.75,3.25,1.5,4,2.25,5.75,2.5,1.25,4.25,6,3.5,2.75,5,3.25,3.25,4,1.25,4.5,3.25,2.5,1.25,1.5,3.75,1.25,5.25,5.25,1.25,4.75,3.25,3,2.75,3.5,4.25,4.5,3.25,4,1.5,2.5,5,2,4,4.75,3.25,2.25,2.5,5.5,4.5,4,4.75,4.25,18.62970568,1,8/23/2007
2/21/1980,5,1,3.333333333,4,3,2.666666667,1,3.666666667,4.666666667,3.666666667,4,4.333333333,4.333333333,4,3.333333333,3.666666667,1.333333333,4,4,3.333333333,1,3.666666667,4.666666667,4.333333333,3.666666667,3.666666667,3.666666667,4,3.666666667,3.666666667,3.666666667,4,3.333333333,3.333333333,3.666666667,4.333333333,3.333333333,4,4,4.333333333,3.666666667,4,3.666666667,4,4,4.333333333,4.666666667,4,4,4,3,4.333333333,4.333333333,3.666666667,4.666666667,3,3.333333333,3.333333333,2.666666667,26.28975587,1,6/6/2006
1/1/1976,3,5,1,3.666666667,2.333333333,4.333333333,3,3,4,4,3.666666667,3.666666667,3,3.666666667,2.666666667,4.333333333,3.666666667,4,2.333333333,3.666666667,4.333333333,4.333333333,3.333333333,3,2,1.666666667,4.333333333,5,4.666666667,1.666666667,2.666666667,3.333333333,2.666666667,3.333333333,3,6.333333333,4,2.666666667,1.333333333,4.666666667,2.333333333,4,3.666666667,4.333333333,3.333333333,5.333333333,4.333333333,4.333333333,4.333333333,2.333333333,4.333333333,4.333333333,3.666666667,3.666666667,5,3,3.666666667,3,3,30.62194844,0,8/15/2006
11/10/1989,4,5.25,2.5,2.5,5,3.75,2.25,5.5,4,2.25,3.5,2.5,2.75,3.25,4.5,3,3.5,3.25,5,2.5,2.5,4.25,2,2.25,2.25,2.5,4.75,3.5,4.5,2.5,3.5,3,3,4.75,5.75,3,3,4.5,3.5,3.25,1.75,2.25,3.25,3,2.5,3.25,2.75,5.25,2.25,2.25,4.75,3.5,2.5,3.75,5.25,3.25,3.25,3,3,17.78986995,0,8/25/2007
12/5/1993,3,2.666666667,5,4.666666667,5,1.666666667,1.333333333,6.666666667,5,1,3.666666667,3.333333333,4.333333333,4,2.333333333,2,1,2.666666667,6,3.333333333,2,5.333333333,3.333333333,3,3.666666667,2,4,4.666666667,1,2.666666667,3.333333333,4.333333333,1.666666667,5.333333333,2.333333333,1,3.666666667,3,4.666666667,4.333333333,3.666666667,3.333333333,4,4,4.333333333,1.666666667,3.333333333,5,1.333333333,3,3.666666667,3.333333333,2,3,1,5.333333333,6.333333333,6,5.666666667,13.78872918,1,9/19/2007
1/1/1982,3,1,4,4,3,2,1,2.666666667,3.666666667,3.666666667,4,4,4,4,4.333333333,4,1,4,4.333333333,3,1,4.333333333,4,3.666666667,3.333333333,3.666666667,4,4.333333333,4,4,4,4,4,4,4.333333333,4,4.333333333,4,3,4,4,4.333333333,4.333333333,4,4,4,3.333333333,4,3.666666667,3.666666667,2.666666667,4,3.666666667,4,4.333333333,4.333333333,4,3.666666667,4,24.55395848,0,7/22/2006
12/28/2005,4,3.5,5,5.25,1.25,1,1,2,4,1.5,2.75,4,5.5,3.75,2,5,1,4,1.75,2,1.5,1.25,5,5.25,3.5,5.25,2.25,2.75,2,4,4.75,3.5,5,1,2.5,1,2.75,4,5.5,3.25,3,2.5,3.5,4,5.75,1.75,4,1.75,3.25,4.75,2.75,1.75,2,3.5,2,5.75,5.75,5.25,5.5,1.660506502,0,8/26/2007
2/21/1976,3,1,3,3,4,1,1,5.333333333,3.666666667,2,4,4.666666667,4,3,4,2.666666667,1,4,5.333333333,2,1,3.333333333,3,2.666666667,3,2.333333333,2,4.666666667,3.333333333,3,4.666666667,4,4,2.666666667,4.333333333,2,3.333333333,5,3.333333333,4,4,2.666666667,3,4,2.333333333,3.666666667,4,6,1.666666667,3,2.666666667,1.666666667,2.666666667,3,3.333333333,5.666666667,5.333333333,6.333333333,5.333333333,30.37006616,0,7/5/2006
3/14/1992,4,1,3.666666667,4,3.666666667,4,2.333333333,3.666666667,4.333333333,4,4.333333333,4.333333333,4.333333333,4,3.333333333,4.333333333,1,3.666666667,4,4,1,3.666666667,4.333333333,4.333333333,4,4.333333333,4,4,4,4,4,4,4,4,3.333333333,4,3.333333333,4,4,4,4,4,3.333333333,4,4.333333333,4,4,4,4.333333333,4,4.333333333,3.333333333,4.333333333,3.666666667,4.333333333,5.333333333,4.333333333,5.333333333,5.333333333,14.24960073,1,6/13/2006
1/1/1967,3,3.333333333,1.333333333,4.333333333,1.333333333,2,2,3.666666667,3.666666667,2.666666667,4.666666667,4.666666667,3.666666667,3.666666667,2.666666667,2.333333333,2,3.333333333,4.666666667,2,1.666666667,4,5,4.333333333,4.333333333,3.333333333,3,3,2.333333333,2,3.666666667,3.666666667,1.666666667,1,3.333333333,6.333333333,2.666666667,4,3.333333333,6,4.666666667,4,3,5,4.333333333,3,4.666666667,4.333333333,3,4.666666667,2.333333333,2,4,4.666666667,3.333333333,5.666666667,5.333333333,5.666666667,4.333333333,39.28998403,0,4/16/2006
1/1/1956,4,2.5,1.75,4.25,4.5,1.5,1.75,4.75,3.5,2.25,4.5,4,4.75,4.75,3.5,3.5,2,2,5,1.25,1.5,4,4.25,4.25,4.5,2.75,2.75,4,4.5,3,3.75,4.75,3.75,3,4.5,3.5,5,4.5,3,3.75,4.5,3,2,4.75,4.25,2.5,4.25,4.75,3,4,3,1.25,2.5,2,2.75,5,5.333333333,5.666666667,5,51.65092402,0,8/26/2007
2/5/1992,4,3,4.666666667,3.666666667,4,4,1,4.333333333,4.333333333,4,4,3.333333333,4.333333333,4.333333333,3.666666667,3.666666667,1,4,3,3.666666667,2,4,3.666666667,3.333333333,3.666666667,4.333333333,4.333333333,4,4.333333333,4,4.333333333,4,4,4.666666667,4.333333333,3.333333333,4.333333333,3.666666667,4.333333333,3.666666667,4,4,4,4,4.333333333,3,3.666666667,4.333333333,4,4,4.666666667,5,3.333333333,3.666666667,4.333333333,4.666666667,4.666666667,4.666666667,4.333333333,14.40109514,1,7/1/2006
2/21/1973,4,1.333333333,3.333333333,3.666666667,4.666666667,4,1.333333333,4.333333333,4.666666667,4,4,3.333333333,4.333333333,4,4.333333333,3.666666667,1.333333333,4,3.333333333,4,1.333333333,4.333333333,3.666666667,3.666666667,3.333333333,4,4.333333333,4.333333333,4.666666667,4,4,4,4,4.666666667,4,4,3.666666667,3.333333333,3.666666667,3.666666667,4,4,4.333333333,4,3.333333333,4,3.333333333,3.333333333,3.333333333,3.666666667,4.333333333,3.666666667,4,4,4,3.333333333,3.666666667,3.333333333,3,33.42550764,0,7/26/2006
12/15/2002,4,4,5.75,4.5,1.75,1,1.25,2,3.75,1.75,3.25,2.25,5.25,3,2.25,4,1.25,4.5,2.5,1.25,1,2,4,4,3.75,4,1.75,2.25,2,3.75,5.25,4.25,4.75,1.25,4,1,1.75,3.5,5.25,3.5,3.75,3.25,3,3.5,5,1,3.5,3.5,2.75,5,4,2.25,2,1.5,2.75,4.75,5.25,4.5,4.75,4.700205339,0,8/27/2007
1/14/1999,5,6,4.6,6,1.8,4.6,4.8,1.6,4.2,4,4.6,2,3.8,3.6,1.6,5.2,3.6,5.2,1.6,4.8,4.4,5,5.4,5.2,4.6,5,4.6,3,4.6,3,2.8,3.4,2.4,2.6,3.6,2.4,2.8,5,3.4,2.8,4.6,4.8,5.4,4.4,5.6,4.2,2.4,3.4,5.8,5.4,3.8,5.6,4,4.6,6.2,5,4.6,4,4.2,7.65229295,0,9/9/2006
12/16/1996,5,2.4,4,4.2,4.2,3.2,4.2,4.2,3.8,3.6,3.6,4.4,6.8,4.2,3.8,3.6,4.8,2.6,2.6,2.2,3,3,3.8,3.8,3.6,4.8,3.2,4.6,5.6,6,6.8,4.8,6.2,3.6,3.6,3.8,4.8,4.6,5.2,3.8,3.4,2.8,3,4.4,3.6,4.6,4.2,4,5.2,3,4.2,2.6,3.8,4.8,3.8,4.8,4,4.2,4,9.730321697,0,9/9/2006
11/2/1989,4,1,4,3.666666667,3.333333333,4,1,3.666666667,3.333333333,4,4.333333333,4.333333333,4,4,3.333333333,3.333333333,1,4,4.666666667,3.333333333,1,3.666666667,4,4,4,4,4,4.333333333,4,4,4,4,4,3.333333333,3.333333333,3.333333333,4,4.666666667,4,4,4,4,3.666666667,4,4.333333333,4.333333333,5,3.666666667,3.333333333,4,4,3.333333333,4,4,4.333333333,6.333333333,6.333333333,6.666666667,6.333333333,16.72826831,1,7/26/2006
4/11/2001,4,4.25,5,4.25,2.25,1.5,1,1.75,4,1.25,3.75,3.75,5.75,4.5,2,3.75,1,2.75,3,1.5,1.25,1.5,5,5,4.5,4.25,1.5,3.25,2.75,4.25,5,4.25,5,1.25,2.75,1.25,3,4.5,5.25,2.5,4,1.75,2,4.5,5.75,1.25,4,2.75,3.75,5,3,2.25,1.25,2,2.25,5,5.5,4.25,4.5,6.377138946,0,8/27/2007
10/24/2005,3,3,5.666666667,3,1,1,1.666666667,1,4,1,2.666666667,3,5.666666667,3.666666667,1.666666667,6,1,4.666666667,1,2.666666667,1.333333333,2.333333333,5.666666667,2,1,5.666666667,2.666666667,2.666666667,1,4,5.333333333,3,5,1,1.666666667,1,1.666666667,3,6.333333333,2.666666667,3,3,2.666666667,2,5.666666667,1.333333333,4,2.333333333,3,1.333333333,4.666666667,1.333333333,2.333333333,3,3,5.666666667,4.666666667,4.666666667,6.333333333,1.903718914,0,9/19/2007
3/14/1993,4,3,3.75,4.25,4,1.75,2,4.5,4.75,1.5,3.5,3.75,4,4.25,3.25,3.5,2,3.5,4.25,1.25,1.25,2.25,3.25,3.75,3,2.5,3.75,3.5,2.25,4.25,4.25,5.25,3.75,2.5,4.25,1,4,4.25,4,3,3,2.25,2.75,4.5,4,2.5,3.5,4.5,3.25,3.25,4,2.5,1.5,2.25,3.5,5.333333333,5.333333333,5.333333333,4.333333333,14.45174538,0,8/26/2007
1/1/1975,3,1,3,4.666666667,3,4,1,2.333333333,5,4,4,4.333333333,3.333333333,4,3.333333333,4.666666667,1,4,3,3.666666667,1,3.666666667,4.666666667,4.666666667,3.333333333,4,2,4,3,3.333333333,3,4,4,2,2.333333333,4.333333333,2.666666667,3.666666667,2.666666667,4.666666667,4.333333333,4,2.333333333,4,4.333333333,3,3.333333333,3.666666667,5,4.333333333,3,4,4.666666667,4,4.333333333,3.666666667,4,4,3.333333333,31.56741958,0,7/27/2006
7/24/1998,2,5.5,4,3,1.5,5.5,6.5,2,4.5,2,4,2.5,4.5,3.5,1,4,4.5,4,2,3,2.5,4.5,4.5,4,4.5,4.5,3.5,2.5,4.5,4.5,5,3,3.5,2.5,5,2.5,2,3,4.5,4,3.5,4.5,2,4,3,4.5,3,4,4.5,3.5,4,5,3,4,5.5,3,3,3,3,7.779603012,0,5/4/2006
1/11/1983,4,3.5,2.5,4.25,5,1.5,1.75,5.25,4.25,2.5,3.5,3.5,4.25,4.25,3.75,3.5,2,3.5,5.5,2,2.25,3,2.75,3.75,3.25,3.5,3.25,3.75,3.5,3.75,3.25,4.5,3,3.75,3.5,3.5,5,4.5,2.75,3.75,2.75,4,2.25,3.75,3.5,3.25,3.5,5.25,2.25,3.5,4.5,2.25,4,2.25,3.5,4.75,5,5.25,4,24.62354552,0,8/26/2007
9/15/1981,3,4.333333333,4.333333333,6,3.333333333,2,1.333333333,4.666666667,3.333333333,2.666666667,4,3.333333333,5.666666667,2.666666667,2.666666667,4.666666667,4.333333333,4,4,3.666666667,4.333333333,5,4.333333333,5.333333333,1.666666667,2.333333333,4.333333333,4,5,3.666666667,5,2.666666667,5.333333333,3.333333333,4.666666667,3,2.666666667,4.333333333,3.333333333,3.333333333,2.333333333,3.333333333,4.666666667,4.666666667,3.666666667,4.333333333,4,5,4.333333333,2.666666667,3.666666667,4,3,5,4.333333333,3.5,5,5,4.666666667,26.20670773,0,11/30/2007
1/1/1981,5,1,3.666666667,4,3.666666667,3.666666667,1,3.666666667,4.333333333,4,4,4.333333333,4,4.666666667,3.333333333,3,1,3.333333333,4,3.333333333,1,3.333333333,4.333333333,4.333333333,4,4,3.666666667,4,3.666666667,4,4,4.666666667,4,3,4,3.666666667,4.666666667,4,4,4.333333333,4,4,3,4,4.333333333,3.666666667,4.333333333,3.666666667,3.333333333,4.333333333,3.666666667,3,4,4,3.333333333,5,5.333333333,5.333333333,5.333333333,25.52407027,1,7/11/2006
7/8/2006,5,2,5.8,3.2,2.2,1.8,1.6,1.6,3.4,3.8,3,4.6,5.2,2.8,1.8,5.6,1.6,5,1.6,4.4,2.6,2.2,5.2,4.8,2.2,5.2,3,3.8,3,4,5.6,3.4,4.6,1.8,2,1.6,1.6,3.4,6.2,4,3.2,4.6,4.6,3.4,5.6,2.8,5,3.2,4.4,2.8,3.8,3.2,4,4.4,2.4,6.6,6.2,5,6.4,0.1724846,0,9/9/2006
8/30/1988,6,1,5.666666667,3.666666667,3.666666667,2.333333333,2,3.333333333,3.666666667,2.333333333,3.666666667,2.666666667,5.666666667,4,4.333333333,3.333333333,1,4,5,3.333333333,1,4.666666667,4,3.666666667,3,3.333333333,3.666666667,4.666666667,4.666666667,4.333333333,5,4.666666667,4,5,4.333333333,2,3.333333333,4.666666667,4.666666667,3.666666667,3.666666667,3,4.666666667,5.333333333,3.333333333,3.333333333,3.333333333,5,2.666666667,3.333333333,4,3,2.333333333,2.666666667,3.666666667,3.666666667,4,4.333333333,3.333333333,17.77321469,1,6/8/2006
2/21/1974,3,1,2.333333333,2,2,1,1,3.333333333,5,3,4,3.666666667,5,3,2.666666667,4,1,2,2.666666667,2,1,2,4,3.333333333,3,3,3,5,4.666666667,3,4.333333333,3.666666667,3.333333333,2,3.666666667,5,2.333333333,4.333333333,2.333333333,4,4,3,2.333333333,4,3,5.333333333,4.333333333,5.333333333,3.333333333,2.666666667,1.666666667,3.666666667,3.666666667,4,3.666666667,3.333333333,3,3.333333333,3,32.36869724,0,7/5/2006
5/25/1992,9,1.333333333,3,3.666666667,2.333333333,3.333333333,4.333333333,2.666666667,4.666666667,3,4,5,3.666666667,4,2.666666667,4,1.333333333,3,2.333333333,3,1,3,4.666666667,4.333333333,3.333333333,3,2.666666667,4.333333333,4.666666667,4,3.666666667,3.666666667,4,3,2.666666667,4.666666667,2.333333333,3,3.333333333,4.333333333,3.333333333,4,3,3.666666667,3.333333333,4.666666667,4.333333333,3,4.666666667,3.666666667,2.333333333,4.666666667,5,4,4.666666667,3.666666667,4.333333333,4.666666667,4.333333333,14.05065024,0,6/13/2006
4/5/1987,4,1.333333333,2.666666667,3.333333333,2.666666667,4.333333333,1.333333333,3.333333333,4.333333333,4,4,4.333333333,3.333333333,4,3,4.333333333,1.333333333,4,2.666666667,4,1,2.333333333,4.333333333,4,3.333333333,4,3,4.333333333,4,3.666666667,4,4,3.666666667,2.666666667,4,4.333333333,3,3.666666667,3,4.333333333,4,4,4,3.666666667,3,4.666666667,4.333333333,4.666666667,4.333333333,3.666666667,3.666666667,4,4.333333333,4,3.666666667,4.666666667,4.333333333,4.666666667,4.333333333,19.23887748,1,7/1/2006
1/1/1981,4,1,4.333333333,3.666666667,4.666666667,3.333333333,1,4.333333333,4,3.666666667,4.333333333,4,4,4,4,3,2,3.666666667,4.333333333,3.666666667,1,3.333333333,3.333333333,3.333333333,4,4,3.333333333,4.333333333,4.333333333,4,4,4,4,3.666666667,4.333333333,3.333333333,4.333333333,4.666666667,4,4,4,4,3.666666667,4,3.666666667,3.666666667,4,3.666666667,2.333333333,4,4,3.666666667,4,4,3.666666667,5.333333333,5.666666667,6,5.666666667,25.52772074,1,7/13/2006
2/21/1978,3,3,4,5,2.666666667,2.333333333,3,3,4.666666667,3,4.333333333,3.666666667,4.333333333,4,2.666666667,4.666666667,1,3,5,2,1,2.666666667,4.666666667,5,5.333333333,3.333333333,1.666666667,4,2,3.666666667,3,4.333333333,4,2.333333333,3.333333333,4.333333333,4.333333333,3.666666667,2.666666667,4.666666667,5,4,2,4.666666667,5,1.333333333,4,3.666666667,2.666666667,5.333333333,1.333333333,3.333333333,4.666666667,2.333333333,3.333333333,5.666666667,5.666666667,6,5.666666667,28.42345426,0,7/25/2006
2/21/1976,3,1,2.666666667,4,2.666666667,3.666666667,1,2.333333333,3.666666667,3.333333333,4,2.333333333,3.333333333,3.333333333,3.333333333,5.666666667,1,4.333333333,2.666666667,2.333333333,1.666666667,3.333333333,3,4,3,4,3,3,3,2.666666667,2.666666667,2.666666667,2.333333333,2.666666667,3.333333333,4.666666667,3.333333333,3.666666667,2.333333333,4,3,4,3.333333333,4,4,3,3.333333333,5,3,3,4.333333333,3,3.666666667,4.666666667,4,3,2.666666667,2.666666667,2,30.37371663,0,7/7/2006
8/9/2000,3,3.333333333,6,3.666666667,3,1,1.666666667,2,3.333333333,2,1.666666667,3.333333333,6.333333333,3.333333333,2,5,1.333333333,4.333333333,1.666666667,4.666666667,4.333333333,4,4.666666667,3.333333333,3.333333333,3.333333333,4.333333333,5.666666667,5.333333333,5.333333333,6,4.333333333,5.333333333,2.333333333,3.333333333,3,3,3.666666667,6.666666667,2,4,5,5,3.333333333,4.666666667,2,4,4.666666667,4.666666667,3.333333333,4.333333333,2.333333333,4,2.666666667,4,5.666666667,5.666666667,4.666666667,5.333333333,6.022359115,0,8/17/2006
12/7/1983,3,5.333333333,2.333333333,3,1.666666667,3,2.333333333,2.333333333,6.333333333,2.333333333,5,3,2.666666667,4.333333333,2.666666667,3,4.333333333,3,1.333333333,2.333333333,2,4,3.666666667,4.666666667,2.666666667,2.666666667,2,2.333333333,5.333333333,3,3.333333333,4.333333333,3,3,2,3.666666667,2.666666667,2.333333333,3,5.333333333,2.666666667,4.666666667,2.666666667,5.333333333,2.666666667,6,4.333333333,4,6,2.666666667,4.333333333,4.666666667,4,3,4.333333333,4,3,3,3,22.68856947,0,8/15/2006
8/20/1998,3,5.333333333,5.333333333,5.666666667,1.666666667,2,3.333333333,2,3.333333333,2.666666667,3,4,5,3.333333333,1.666666667,5.333333333,3,3.333333333,2.666666667,3.333333333,2,3.666666667,5.333333333,4,3.333333333,5.333333333,3.333333333,3.333333333,3,5.333333333,5,4.666666667,4.333333333,3.666666667,4.333333333,2,4.666666667,4.666666667,5.333333333,3.666666667,3.333333333,3,3.666666667,5,5,2.666666667,2.333333333,4.666666667,5,3.666666667,4.333333333,4.333333333,3.666666667,3.333333333,4.666666667,4.333333333,4.666666667,4.666666667,4.666666667,10.50422085,0,2/19/2009
1/1/1977,3,2.666666667,1.333333333,2.666666667,1.666666667,2.666666667,3,2,4.333333333,3.666666667,3.333333333,5,3.333333333,3,1.666666667,2.666666667,4.333333333,2.333333333,2,2,2,1.333333333,4.333333333,5,2,2.333333333,1.333333333,5,4.333333333,2.333333333,2.666666667,3.333333333,1.666666667,1.666666667,2,5,1.666666667,2.333333333,2.333333333,6,1.666666667,4,2.333333333,2.666666667,3.333333333,4.333333333,4.333333333,2.333333333,4,4.666666667,2.333333333,2.666666667,5.333333333,4.333333333,5,3,3.333333333,3.333333333,3,32.13597992,1,2/19/2009
10/18/1990,4,2.25,3.25,4,5.5,1.25,1.25,5.25,3.5,1.5,2.5,3,4.25,4.5,5.25,2,1.25,2.75,6.25,1.75,2,4,3,2.75,3.5,3,4.25,4.75,3.75,3.25,4,5.25,3.75,4,3.75,1.25,6,5,3,2.5,3,2.75,2.75,4.75,2.5,2.5,3.75,5,1.75,3,3.25,1.25,1.75,2.5,2.75,5.25,5.5,5.75,4.75,16.85489391,0,8/26/2007
1/1/1961,4,5.5,1.5,4,2.25,2,2,3,3.75,1.75,4.5,3.25,3.25,3.75,2.5,4.75,2.75,2.5,2.75,1.25,2.25,5.5,3.5,2.75,3.5,2.25,5,4,3.75,2,3.5,3.75,2.75,3.75,2.75,3.5,2.5,3.5,2.75,3.5,3,2.25,2,4.25,3,3.75,2.75,3,4,4,2.75,4.5,2.75,3.75,4.5,4.25,4,3.75,3.5,46.65023956,0,8/27/2007
2/2/1977,3,4,3.666666667,5.333333333,3.666666667,2.666666667,6.333333333,3.333333333,4.666666667,3.333333333,3.666666667,3.666666667,5.333333333,4,3.666666667,3.666666667,2,3,4,3.333333333,3,3.666666667,4.666666667,4.666666667,5.333333333,4.333333333,3,3,4,3.666666667,5,5,4.333333333,4.333333333,4.333333333,2.333333333,4.666666667,4,4.333333333,4,4.333333333,3.666666667,3,4.666666667,5.333333333,1.666666667,3,3.333333333,3.666666667,5.333333333,3.333333333,2.666666667,3.666666667,2.666666667,2.666666667,5,5.333333333,5,4.333333333,29.53319644,0,8/16/2006
3/7/1982,3,5.666666667,5,4.333333333,1.666666667,5.333333333,3,2,5,4,4,2.333333333,4.333333333,3.333333333,2.333333333,4.666666667,4.666666667,5,1.666666667,3,3.333333333,3.666666667,3.666666667,4.333333333,3,3,3.333333333,4.666666667,5.333333333,2.666666667,3,2.666666667,3.333333333,2.333333333,3.333333333,4,3.333333333,2,3.333333333,5,4,3.666666667,4.666666667,3.666666667,2.333333333,5.333333333,2,3.666666667,6,2.333333333,4.333333333,5.333333333,3.666666667,4,5,2.666666667,2,3,2.333333333,24.43896874,0,8/14/2006
1/1/1966,4,4.666666667,3,2.666666667,4.333333333,3.666666667,3.333333333,4,4.333333333,4.666666667,3.666666667,3,4.666666667,3.333333333,4.333333333,3.666666667,2.666666667,5.333333333,4,4.333333333,5.333333333,4.666666667,3,2.666666667,3.333333333,2.333333333,5.333333333,5,4.333333333,2.666666667,4.333333333,4.333333333,3.333333333,4,4.666666667,4.666666667,5.333333333,3.666666667,3.333333333,3,2.666666667,4,4,4,3,4.333333333,2.333333333,5.666666667,3.333333333,2,3.666666667,3.666666667,3.666666667,3,4.333333333,3,3.666666667,4.333333333,3.333333333,40.62149213,0,8/16/2006
1/1/1966,3,4.666666667,2.333333333,4,3,2,2.666666667,4.333333333,4,2.666666667,4.666666667,4,4.333333333,4,2.333333333,3,3.333333333,4,5,3.333333333,2.666666667,3.666666667,3.333333333,4.333333333,4.333333333,3,3.333333333,4,4.666666667,3,3.666666667,4.333333333,3.333333333,3,4.333333333,5.666666667,4,3.666666667,3,5.333333333,3.333333333,3.666666667,3,4,4,4,3.666666667,4,2.666666667,4,4.333333333,3,5,3.333333333,3.666666667,4.666666667,4.333333333,4.333333333,4,40.61692904,0,8/14/2006
3/6/1998,3,3.666666667,4.333333333,4,4,3,4.666666667,2.333333333,2.666666667,2.666666667,4,3,5.333333333,3.666666667,3.666666667,3.666666667,2,3.666666667,4.666666667,2.333333333,2.333333333,3.666666667,4.333333333,3.666666667,3.666666667,3,2.666666667,4,3.333333333,3.666666667,5,3.666666667,3.666666667,4,3.333333333,3.333333333,4,3,5.333333333,3.333333333,4.333333333,2,3,4.333333333,3.666666667,2.666666667,2.666666667,3.333333333,3.666666667,4.333333333,4,3,4.333333333,2.666666667,3.333333333,4,4,3.666666667,4,9.771389459,0,12/13/2007
5/18/1982,3,4.666666667,3.333333333,2.333333333,5,4,4,4.666666667,2.666666667,3.333333333,3.666666667,2,2.666666667,3.333333333,4.333333333,3,3.333333333,4.666666667,4.666666667,3.666666667,2.333333333,5,2.333333333,2,3,2,4.333333333,4,4,2,2.666666667,3.333333333,2,4.666666667,4,3,2,2.333333333,2.333333333,3.666666667,2,3.666666667,4,3.666666667,3.333333333,3.666666667,2.333333333,3.333333333,2.333333333,2,4.333333333,4.666666667,3,3.666666667,4.666666667,4,3.666666667,4.333333333,3,24.25279489,1,8/18/2006
1/1/1971,3,5,4.333333333,3,4,3,2.666666667,4.333333333,4.333333333,2.333333333,3,3,5,4.333333333,4.666666667,3,5,3.666666667,4.666666667,3.333333333,3,5,3,2.666666667,2.666666667,3.333333333,5,5,6,4.333333333,4.333333333,4,3.666666667,3.333333333,5.666666667,3,3.333333333,4.666666667,4,4.333333333,3,3,5,3,2.666666667,5.666666667,3,5.666666667,2.666666667,3,5,4.666666667,3.333333333,4.333333333,4.333333333,5,2.666666667,4.333333333,3.666666667,37.82249601,0,10/27/2008
11/12/1995,6,1.333333333,4,4,2.666666667,4,1,2.666666667,5,4,4,4,4,4,2.666666667,4.333333333,1,4,3,3.666666667,1,3.333333333,4.333333333,4.666666667,3.666666667,4,3.666666667,3.666666667,4,4,4,4,4,2.333333333,3.666666667,4,3,3.666666667,4.333333333,4,4.333333333,4,3.666666667,4,4,4,4,3.666666667,4.666666667,4.333333333,4,4.333333333,4.333333333,4,4.666666667,5.666666667,5.333333333,5.333333333,5.333333333,10.69678303,1,7/24/2006
7/24/1995,5,4,3.6,4,4.8,2.2,1.6,5.4,4.6,2.2,4.8,3.6,4.6,5.8,3.2,2.4,2,3.4,6.2,2,2,4.4,3.4,3.2,3.2,3.6,2.4,4.8,3,3.4,4.6,6,4.6,4.8,4,3.6,5.4,4.4,3.8,5,4.8,4,2,5.6,4.2,3.8,4,5,1.4,4.8,3,3.4,3.6,1.8,2.4,5,4.8,5.4,4.6,11.12936345,1,9/9/2006
1/1/1970,3,4,2.666666667,5,1.666666667,2.333333333,2,2,4.333333333,2.333333333,4.333333333,4.333333333,5,4.666666667,2.333333333,3.333333333,2,3,4.666666667,2.666666667,2.333333333,2.333333333,5.333333333,4.666666667,4.666666667,2.666666667,3,3,3.333333333,4.333333333,4.333333333,4.666666667,4.666666667,2.333333333,3.666666667,3,3.333333333,5,4,4.333333333,4.666666667,3.333333333,2.666666667,5,5,2.333333333,5,3,3.333333333,4.666666667,3,2.666666667,4,3,4,4,4,4.333333333,3,38.82089893,0,10/27/2008
2/21/1973,3,1,2.666666667,3,2.333333333,2,1,2.333333333,4,3,4,6.333333333,5.333333333,4.333333333,2.666666667,2.666666667,1,2.666666667,3.333333333,2,1,2.333333333,4.333333333,5.333333333,3.333333333,4,2.333333333,5.333333333,5.333333333,4,5.666666667,5,4.666666667,2.333333333,2.666666667,3.666666667,2.666666667,4.666666667,4,5.666666667,4,4,2.666666667,4,4.333333333,5,5.666666667,2.666666667,2.666666667,4.333333333,3,2.333333333,5,4,2.666666667,5.333333333,5,5.666666667,5.333333333,33.36162446,0,7/3/2006
10/4/1990,3,6.666666667,4.666666667,5.333333333,3.333333333,4.333333333,4.333333333,4.333333333,6,1.333333333,2.333333333,1.333333333,6.333333333,4,3.333333333,2.666666667,2.666666667,3.666666667,2.666666667,3,2.333333333,4.333333333,3.333333333,3.666666667,3.333333333,5.333333333,4.666666667,2.333333333,3.666666667,6.333333333,6.333333333,4.333333333,6.666666667,2,5,2,5,4.333333333,6.333333333,3,3,1.666666667,3,4,4.666666667,3.333333333,2,3.333333333,4.333333333,3,4.666666667,4.666666667,1.666666667,3,5.666666667,4,4.333333333,3.333333333,4.333333333,15.52452658,0,4/13/2006
1/1/1972,3,4,2.333333333,3.333333333,4,3.333333333,4.333333333,3.666666667,3.666666667,3.666666667,4.666666667,3.333333333,3.333333333,4,3.333333333,4,3.666666667,2,5,2.666666667,3.666666667,4.333333333,3.333333333,3,3.333333333,2.666666667,4,4.333333333,4.333333333,3.333333333,3.333333333,3.666666667,2.666666667,5.666666667,3.333333333,5.333333333,4.666666667,3.666666667,3,5,3.333333333,3.333333333,2.333333333,4,5,4.666666667,2.333333333,2.666666667,2.666666667,4.666666667,3,2.333333333,3,5,4,3.333333333,3.666666667,3,3.666666667,35.94433037,0,12/11/2007
2/20/1997,3,5,5.333333333,4.333333333,4.333333333,2,2.333333333,5.333333333,4,2,3,3,4.666666667,3.333333333,5,4.333333333,2.666666667,4,5,2.666666667,2.666666667,4.333333333,3.666666667,2.333333333,3,3.666666667,4.666666667,3.333333333,5,4.666666667,4.666666667,3.666666667,3.666666667,3.666666667,4,2.333333333,4.666666667,4.666666667,5.333333333,2.666666667,4,3,4,3.333333333,4.333333333,2.333333333,2.333333333,3.666666667,3.666666667,3.666666667,5,4,2.333333333,4.333333333,4.666666667,4.666666667,5,5,3.333333333,11.67419576,1,10/24/2008
2/21/1977,3,1,3,4.333333333,2,4,1,2.666666667,5,4,4.333333333,4.333333333,4,4,2,4.333333333,1,4,3,4,2,2.333333333,4,4.666666667,4.333333333,4,2,3.666666667,3.333333333,3.333333333,4,3.333333333,4,2.333333333,2.666666667,3.666666667,2.666666667,3,2.666666667,4.333333333,4.333333333,4,2.666666667,4.333333333,3.333333333,3.333333333,3.333333333,3,4.333333333,3.666666667,2.666666667,4,4.666666667,4,4.333333333,3.666666667,4,3.666666667,4,29.42642026,0,7/27/2006
2/21/1977,3,2.666666667,2.666666667,3.333333333,1.666666667,4.333333333,1,3,5.666666667,2.333333333,4.333333333,2.666666667,4.333333333,3,1.666666667,5,1,4,1.333333333,2.333333333,1,2,4,4.666666667,2.333333333,3.666666667,3.333333333,2.666666667,3.333333333,3,2.666666667,3,3.666666667,1.666666667,1.333333333,5,1.666666667,2,2.666666667,4,4.333333333,3.666666667,3.333333333,4.333333333,3.666666667,4.333333333,2,3.333333333,4.333333333,3,3,5,3,5,5.666666667,4,4,4.333333333,3.666666667,29.3315081,0,6/22/2006
4/26/1991,9,1.333333333,3.666666667,3.666666667,3.333333333,3,1,4.333333333,4,3,4.333333333,4.666666667,5,4,4,4,1,3,3.333333333,2.666666667,1,3.333333333,4.666666667,3.666666667,3.333333333,3.333333333,3.666666667,4,4.333333333,4,4,4,3.666666667,3,4,4.333333333,2.666666667,4,3.666666667,4.333333333,3.666666667,4,3,4,4.333333333,3.666666667,4,4.333333333,4,4,2,4,4,4.333333333,4,3,3.666666667,2.666666667,3,15.13392653,0,6/13/2006
1/1/1978,3,3.333333333,3.666666667,6,2,2,3.333333333,1.666666667,4,2.333333333,4.333333333,4.666666667,5.333333333,4.666666667,2,3,2.666666667,2.666666667,3.666666667,2,3,2.333333333,6,5,4.666666667,3.666666667,2.666666667,3.333333333,3.333333333,3.666666667,5.333333333,5.333333333,5,3.333333333,2.333333333,3,2.666666667,4.666666667,4.333333333,4.333333333,5,3.333333333,2.666666667,5,5,3,4,2,5,5,4,2.666666667,4,2.666666667,4,4,4.333333333,4.666666667,5,31.13666439,0,2/19/2009
4/7/1993,2,3,4,4,4.5,5,2.5,5,5.5,3,3,2.5,5.5,3.5,3.5,4.5,1,3.5,6.5,1.5,4,5.5,2,3,4,2,4.5,4,1.5,2,5,5,4,6.5,4,1.5,4.5,5,4.5,3.5,4,4,2.5,3.5,4,1,3,6,1,5.5,4,3,2,3.5,1.5,3.5,3.5,4,4,13.01984942,1,4/14/2006
2/21/1976,3,1,3,4.333333333,2.333333333,2,1,2,4,2,4,3.333333333,4.333333333,3.333333333,2,1.666666667,1,2.333333333,4.666666667,1,1,2,4.666666667,4.666666667,3.666666667,3,1.666666667,5,3.333333333,2,3.333333333,3,3.333333333,2,2.333333333,3.333333333,3.666666667,4,3,3,3.333333333,2.666666667,2,4,3.333333333,3,4.333333333,3.333333333,2,3,2,1.666666667,3.666666667,2.333333333,2.666666667,5,5.333333333,5.666666667,5,30.33082364,0,6/21/2006
2/21/1974,6,2.666666667,5.333333333,2.333333333,5.666666667,2.333333333,1,6,3,4,2.666666667,3.333333333,4,5,5.666666667,2.333333333,3.333333333,5,4.666666667,3.666666667,1,5.333333333,3,2.333333333,2.333333333,4,5.333333333,5.333333333,5.666666667,3.666666667,3.333333333,3.333333333,3.333333333,5,6.666666667,2.666666667,3.333333333,4.333333333,3.666666667,5,4,5,5.333333333,3.333333333,3,4.666666667,2.666666667,6.333333333,2.333333333,2.333333333,5.333333333,4.666666667,3,5,5.333333333,3.333333333,3.333333333,3.666666667,3,32.36504677,1,7/4/2006
1/24/1995,6,1.666666667,3.666666667,3.666666667,2.666666667,4,1.333333333,3.333333333,4.666666667,3,4,4,4,4,3,4.333333333,1.666666667,4,2.333333333,3.666666667,2,3.666666667,4.333333333,4.333333333,4,4,4,4,4.333333333,4,4,4.333333333,3.666666667,3.333333333,3.333333333,4.333333333,2.666666667,3,3.666666667,4.333333333,4.333333333,4,4,4.666666667,3.666666667,4,3.666666667,3.666666667,4.333333333,4,4,4.666666667,4,4,4.666666667,5,4.666666667,5.333333333,5,11.4934976,1,7/23/2006
1/1/1985,4,5.5,1.75,3.25,1.25,2.75,2.25,1.75,4.5,2.5,4.25,3,2.75,3.75,1.25,3.75,4.5,3,1.75,1,1.75,4,3.25,4.25,2,1.75,2.75,2.5,3.5,1.75,1.75,3.75,1.75,1.75,1.5,4.25,1.25,2.75,2.75,4.5,3.5,2.75,2.25,4,2.75,5.5,2.5,3.25,3.25,3.75,2.5,4.5,2.25,2,4,3.333333333,3.666666667,3,3.333333333,22.65229295,0,8/27/2007
11/15/1994,3,6.666666667,1.666666667,1.666666667,1,4,1,1,7,6.333333333,3.666666667,2,2.333333333,1.333333333,1,5.333333333,6,4,1,3,4,6,5.666666667,3.666666667,1.333333333,4,5,4,4.333333333,3.333333333,2.333333333,2,2.333333333,1.666666667,1,5.666666667,1.333333333,3,1.333333333,3.666666667,1.333333333,4,2.666666667,3.666666667,2.333333333,5.666666667,3,2,5,2.666666667,1.666666667,6,4.666666667,5,6.666666667,3,3,2.666666667,3.333333333,13.0403833,0,11/30/2007
1/1/1980,3,2.666666667,4.333333333,3,5.666666667,3,1,5.666666667,3,4.333333333,3.333333333,2.666666667,4.666666667,4,5,4.333333333,1.333333333,4.666666667,4.333333333,3,1.333333333,5.333333333,3,3,3.666666667,3,4.666666667,4,5,4,2.666666667,4,3.333333333,4.666666667,5.666666667,4,4.666666667,5,4.333333333,3.333333333,5,4.333333333,6,4.333333333,3,3.666666667,2.333333333,5.333333333,3.666666667,3,5,3.333333333,4,4,5.666666667,4,4,4.666666667,3.666666667,26.53707506,0,7/15/2006
1/1/1982,4,1.333333333,3,3.666666667,2.333333333,4.333333333,1.333333333,3.333333333,3.666666667,4,4,3.666666667,4,4,2.666666667,4.666666667,3,4,2,3.666666667,1,3.666666667,4.666666667,4.333333333,3.333333333,4,4,4,4.333333333,4,4,4,4,3.333333333,3.666666667,4.666666667,2.666666667,3,3,4,4.333333333,4,4,4.333333333,3.333333333,5,3,3.666666667,5.333333333,4,4,4.333333333,4.333333333,4,5.666666667,4.333333333,4,3.666666667,4.333333333,24.5284052,1,7/13/2006
1/1/1980,3,1.333333333,3.333333333,3.333333333,3,2.333333333,1,2.333333333,5.666666667,3,4.666666667,4,4.666666667,4,2.666666667,5,1,3.666666667,2.333333333,2,1,3.333333333,4.333333333,3.666666667,3.666666667,3.333333333,2.666666667,4.333333333,2.666666667,3,4,4.666666667,3.666666667,2.333333333,3,4.333333333,3.333333333,4,3.333333333,5,5,4.666666667,3,5,4.333333333,4.333333333,4,3.666666667,5.333333333,3.333333333,2.666666667,4,4,3,5,2.666666667,2.666666667,2.666666667,2.333333333,26.5389003,0,7/16/2006
2/21/1978,6,1,4.666666667,2.666666667,5.333333333,2.666666667,1,6,4,4,3.666666667,2.666666667,4.666666667,4,4.666666667,2.666666667,1,4.333333333,4.333333333,3,2.666666667,5,3,2,2,4,5.333333333,4.333333333,5.333333333,3.333333333,4,3.666666667,3,5.333333333,5,3.333333333,4.333333333,4.666666667,4.333333333,2.333333333,3.666666667,4.333333333,6,4,2,4.666666667,3,5.333333333,2.333333333,2,5.333333333,4.333333333,3.666666667,4,3.333333333,3.666666667,3.666666667,3.666666667,3,28.36960986,1,7/6/2006
3/3/1983,3,1,3.333333333,4,3,3.666666667,1,3.666666667,5,4,4,3.333333333,4.666666667,4.333333333,3,4.666666667,1,3,2,2.666666667,1,3,4,3.666666667,2.333333333,4,2.333333333,4.666666667,3.666666667,4,3.333333333,4.333333333,4,2,2.333333333,4,2.666666667,3,3.666666667,4,4.666666667,4.333333333,2,4.333333333,4,3.666666667,4,3,3.333333333,3.666666667,2.666666667,4,4.666666667,2.666666667,4,4.666666667,4.666666667,5.333333333,5.333333333,23.39949806,0,7/26/2006
8/25/1996,3,1,6.333333333,2.666666667,5.666666667,2,3.666666667,5.666666667,2.666666667,3.333333333,2.666666667,2.666666667,6,4.666666667,5.333333333,2.333333333,1,2.666666667,5.333333333,2.333333333,1,2.333333333,2,2,2.333333333,3.666666667,3.666666667,5,4.666666667,5.333333333,6.333333333,4.666666667,6.666666667,3.666666667,5.333333333,1.666666667,5,5.666666667,6.666666667,3.333333333,4,2,5,5,3,2,4,5.333333333,2.666666667,2.333333333,4.666666667,2.666666667,2.666666667,2.333333333,3,4,4,5,4.666666667,9.863563769,0,7/6/2006
1/1/1978,4,1,3.666666667,4.333333333,4.666666667,4,1,5,3.666666667,4,3.666666667,4,4,4.666666667,4,4,1,4,5,3.333333333,1,4,3.333333333,4,3.666666667,4,4,4.333333333,4.333333333,4,4,5,4,4,4.666666667,3.666666667,5,4.666666667,4,4,4.333333333,4,4,4.666666667,4,4.333333333,3.666666667,4.333333333,3.333333333,3.666666667,4.333333333,3.666666667,4,3.666666667,3.666666667,6,6.333333333,6.333333333,6.333333333,28.54939539,1,7/20/2006
4/30/1988,4,1,4,4,4,4,1,4,4,4,4.333333333,4,4.333333333,4,3.666666667,4,1,4,4,3.333333333,1,3.333333333,3.666666667,4,4,4,3.333333333,4,3.666666667,4,4,4,4,3.666666667,3.666666667,3.666666667,4.333333333,4,4,4,4,3.666666667,3.666666667,4,3.666666667,4.333333333,4,4,3.333333333,3.666666667,4,3.333333333,4,4,3.666666667,5,4.666666667,5.333333333,5,18.19484371,1,7/10/2006
2/21/1979,3,3,3.666666667,4,4.333333333,3,3,3.666666667,4.333333333,3,4.666666667,4.666666667,4.666666667,4,3.666666667,3,1,3.666666667,5.666666667,3,1,4.333333333,4.333333333,3.666666667,5.333333333,3.666666667,3.333333333,4.333333333,3.333333333,4,4,4.333333333,4,3,3.666666667,3.666666667,4.666666667,5,4.333333333,4,4.333333333,4,3.333333333,4.666666667,4.666666667,1.666666667,4.666666667,4.666666667,1.666666667,5,3,2,3.333333333,4,3,5.666666667,5.666666667,6,6,27.42505133,0,7/26/2006
2/21/1976,3,1,4.333333333,3,4.666666667,1,1,4.333333333,1.333333333,3.333333333,3.666666667,4.333333333,5.333333333,4,5.333333333,1.333333333,1,2,6.666666667,2,1,5,2.333333333,3,2.666666667,3,4.333333333,5.666666667,4.666666667,3,4,4.333333333,3.333333333,4.666666667,3.666666667,2.666666667,5,6,3.666666667,4,1.666666667,3,4.333333333,3.666666667,2.666666667,4,3.666666667,4.333333333,1,3,2,1.333333333,2.666666667,3,1.333333333,6,5.333333333,5.666666667,5.666666667,30.37462925,1,7/7/2006
8/26/1996,3,4.666666667,3.333333333,4.333333333,4,3.666666667,3.666666667,2,4.666666667,2.333333333,3.666666667,3.333333333,3.666666667,3.333333333,2,4,3.333333333,2.666666667,4,2.666666667,2.666666667,4.333333333,4.333333333,3.333333333,3,3,3.333333333,2.666666667,4.333333333,2.666666667,3.666666667,4.333333333,3.333333333,3.666666667,3,2.666666667,2.666666667,3.333333333,3,3.666666667,2.666666667,3.333333333,3,3.333333333,3.666666667,4,2.666666667,2,4.333333333,3.666666667,3.333333333,4.666666667,2.666666667,3,4,3.333333333,3.333333333,3.333333333,3.666666667,11.29819758,1,12/13/2007
4/9/1986,4,1,4,3.333333333,3,2,1,3,4.333333333,3,4,4.333333333,4,4.333333333,2.666666667,2.666666667,1,2.666666667,4.333333333,3,1,2.666666667,4.333333333,4,3.666666667,3,2.666666667,5,4,4.333333333,4,4,4.333333333,3.333333333,3.666666667,3,3,4.666666667,3,5,4,3.666666667,2.333333333,4,3.666666667,4.333333333,4.666666667,3.666666667,2.666666667,4,2.666666667,2.666666667,3.666666667,3.666666667,3.333333333,3.333333333,4.333333333,4,3.333333333,20.27104723,1,7/17/2006
2/21/1973,3,1,4,4,4.333333333,2,1,4.333333333,4.666666667,3,4,4,4.666666667,4.333333333,3.666666667,1,1,3,6.666666667,2.333333333,1,4,3.333333333,3.333333333,4,3,3.666666667,3.666666667,4.666666667,3.666666667,3.333333333,4.666666667,3.333333333,4.666666667,4.666666667,4,4.666666667,5.333333333,4,4,3.333333333,4.666666667,3.666666667,4.333333333,4,4.333333333,4.333333333,4,1.333333333,4,3.333333333,2.333333333,3.666666667,3.666666667,2,6.333333333,6,7,6.666666667,33.4665754,1,6/20/2006
2/17/1996,5,5.4,3.6,5.4,4.6,3,5,4.8,4.4,2.4,3.6,2.4,4.6,3.6,2.8,4,2,5.2,5,4,3.8,5.6,4,4.6,5.8,4.4,5.2,3,2,3.8,4.4,5.2,3.4,4,3.8,3,5.2,3,4.6,3,5.8,5,3.4,5.6,5.6,2.4,2.4,3.6,3.6,6.2,4.8,4.6,3,2.2,3.6,5.2,5,5,5,10.55989049,0,9/9/2006
2/21/1973,4,1,3,4,3,4,1,3.333333333,4.333333333,4,4.333333333,4.333333333,3.666666667,4,3.333333333,4,1.333333333,4,3.333333333,3.666666667,1,3.666666667,4,4.333333333,3.666666667,4,3.666666667,4.333333333,4,4,4,4,4,3.333333333,3.666666667,4.333333333,3.333333333,4,3.333333333,4.333333333,4,4,4,4,3.666666667,4,4,4.333333333,4.333333333,4,3.666666667,4,4,4,3.666666667,3.333333333,4,4,3.666666667,33.42642026,0,7/27/2006
6/2/1999,3,5.333333333,6.333333333,5,4,1.666666667,2.333333333,2.666666667,3.666666667,1.333333333,2.333333333,3,6,3.666666667,3.666666667,6,1.333333333,4.333333333,1.666666667,3.666666667,3.333333333,3.666666667,3,3.666666667,3.333333333,5.333333333,4.666666667,2.666666667,4.333333333,5.666666667,6.333333333,4.333333333,6,2.666666667,5,1,3,5,6.333333333,3,2.666666667,2.666666667,4.333333333,4.666666667,5.333333333,2.666666667,2.333333333,2.666666667,3.333333333,4.333333333,5.333333333,3,3,2,3.333333333,6.333333333,5.666666667,5.666666667,5.666666667,6.87383071,1,4/16/2006
1/3/1989,3,3,3.333333333,3.333333333,3,4,1,4.333333333,4.333333333,4.333333333,4,3.666666667,4.333333333,4,3,4.666666667,1,3,3.666666667,3,1,3.333333333,4,3,2.666666667,3.666666667,3.333333333,4.333333333,5,3.333333333,4,4.333333333,4,3.333333333,4.333333333,4,3,2.666666667,3.333333333,4.333333333,4,4.333333333,2,4,3,3.333333333,3.333333333,3.333333333,4.333333333,3,4.666666667,3.666666667,3.333333333,4,4.333333333,3.333333333,2.666666667,2.666666667,3,17.56057495,0,7/27/2006
8/15/1989,3,3.333333333,4,2.666666667,1.666666667,4.333333333,6,2,5.333333333,4.333333333,4,3,3.333333333,4,2.666666667,4,4,3,1.333333333,3.333333333,2.666666667,4.666666667,4.333333333,3.666666667,1.666666667,2.666666667,5.666666667,3.333333333,4.333333333,3.333333333,3.666666667,3.666666667,3.666666667,3.666666667,1.666666667,4,1.666666667,3,2.666666667,4,4.333333333,4.333333333,3,3.666666667,3,4.333333333,3.666666667,2.666666667,5,2.666666667,3,4.666666667,3.333333333,4,5.333333333,2.333333333,2.666666667,2.333333333,2,16.93451974,0,7/22/2006
1/1/1982,5,1,2,3,2.333333333,3,1,4.333333333,5,3.333333333,5,5,3.666666667,4,2.333333333,3,2.333333333,3,2.666666667,3,1.333333333,2.333333333,3.666666667,3.666666667,2.333333333,3,2.333333333,4.666666667,4.666666667,3,4,4,2.666666667,3,3.333333333,4.666666667,2.333333333,3.666666667,2.333333333,5,3.666666667,4.333333333,3,4.666666667,3.333333333,4.666666667,4.333333333,4,3.666666667,3,3,4.666666667,5.333333333,3.333333333,4.333333333,3.333333333,2.333333333,3.333333333,2.333333333,24.43988136,1,6/10/2006
8/29/1990,3,1,4.333333333,3.333333333,4.333333333,3.333333333,1,4.666666667,4,4,4,3.666666667,4,4,4.333333333,4.666666667,1.333333333,4,2.333333333,3,1,4,3.666666667,3.333333333,2.333333333,4,4,3.666666667,5,4,4,4,4,3.333333333,5,4,3.666666667,3.333333333,3.333333333,4,3.666666667,4,5,4.333333333,3.333333333,4,3,4.666666667,4.333333333,2.666666667,5.333333333,4,3.666666667,4,5.666666667,3.333333333,3.333333333,4.333333333,3.666666667,15.90234999,0,7/24/2006
1/1/1963,3,3.333333333,3.333333333,4,2.333333333,4,3.666666667,2.666666667,4,2.666666667,4.666666667,4.333333333,5,2.666666667,1.333333333,3.333333333,2.333333333,3.333333333,5,2.333333333,1.333333333,3,3.666666667,4.333333333,4.666666667,3.666666667,2.333333333,3,2.666666667,2.333333333,3,4.333333333,2,1.666666667,4,3.333333333,4,3.666666667,3.666666667,4.333333333,5.333333333,3.333333333,3.666666667,4.333333333,5,2.666666667,3.666666667,2.333333333,3.333333333,4.666666667,3.666666667,2.666666667,3.666666667,2.666666667,4.333333333,5,5.333333333,5.666666667,4.666666667,43.27446954,1,4/11/2006
1/26/1987,4,1,4,4,3.333333333,3.666666667,1,3.333333333,4.333333333,4,4,4.333333333,4.333333333,4,3.666666667,4,1,4,3.333333333,3.333333333,1,3.333333333,4.333333333,4.333333333,4,4,4,4,4,4,4,4,4,3.333333333,3.333333333,3.333333333,3.333333333,4,4,4,4,4,3.666666667,4,4.333333333,4,4,3.666666667,4,4.333333333,3.666666667,3.666666667,4.333333333,4,4.333333333,5,4,5.333333333,5,19.49897331,1,7/27/2006
1/1/1978,3,1,2.666666667,4,2.666666667,2.333333333,1,4,5,4,4,3,4,4,2.333333333,3.666666667,1,4,4,2.333333333,1,4.333333333,3.666666667,3.333333333,2.333333333,4,3.333333333,4,4,2.666666667,3.666666667,3.666666667,3,3,4,4,2.333333333,3.333333333,3,4,3.666666667,3.333333333,3,4,4,3,2.666666667,4.333333333,3,3.333333333,3.666666667,3.666666667,4.333333333,3.666666667,4.666666667,4.333333333,5,5,4.333333333,28.51380333,0,7/7/2006
1/1/1971,3,5.333333333,2.666666667,2.666666667,3.333333333,2.666666667,3,3,3.666666667,3,3,3,3.333333333,3.666666667,2.666666667,4,4.333333333,3.666666667,3.333333333,3.333333333,3,5,2.666666667,3.333333333,2.666666667,4.333333333,4.666666667,5,5.333333333,4,4,2.333333333,3.333333333,4,4.333333333,3.666666667,2.333333333,4,2.666666667,3,3.666666667,3,4.666666667,3,2.666666667,3.666666667,2.666666667,4,3.666666667,3,4.333333333,4.333333333,3,4.333333333,4.333333333,3.333333333,3.333333333,3.333333333,2.666666667,37.82249601,0,10/27/2008
1/1/1970,2,6,2.5,7,1,4,3.5,1,5.5,2.5,4.5,2.5,6.5,3.5,1.5,3,2,2,1,2.5,2,5.5,6.5,7,4.5,3,3.5,2.5,2.5,3.5,6,5.5,5,1.5,3,4,2.5,3.5,4,5,5,3,1.5,6,5.5,4,3.5,1.5,6,6.5,1.5,2,4.5,2.5,3.5,3,2,2.5,2.5,36.28336756,0,4/14/2006
5/18/1991,2,5,1,3.5,4.5,4,4,4.5,5,4,3,3,5,6,5,4.5,2,5.5,1.5,2,3.5,5.5,3.5,2.5,3,2.5,4,6.5,6,4,5,1,3,4,5,4.5,4,3.5,1.5,5,4.5,2,4.5,4,3.5,3.5,3.5,2,5,1.5,1.5,2.5,2,4,3,4.5,5.5,5.5,3.5,21.26899384,1,8/23/2012
1/1/1984,2,4,2.5,4,6,4.5,1.5,5.5,3,2,1.5,2.5,2.5,6,2,4,5.5,2.5,3,5.5,4,2,3.5,2,2,2.5,6.5,6.5,3,3.5,5,2.5,5.5,3.5,1.5,3,6,4.5,1.5,5,4,2,4.5,4,2.5,6,3.5,3,6,1.5,5.5,2.5,5.5,3.5,4.5,4,5.5,5.5,4.5,28,1,8/23/2012
