"","chimp","DOB","Sex","X","X.1","Rater","Numraters","Date","X.2","X.3","X.4","fear","dom","pers","caut","stbl","aut","stngy","jeals","reckl","soc","tim","symp","play","sol","actv","help","buly","aggr","manp","gntl","affc","exct","impl","inqs","subm","depd","irri","pred","decs","depr","sens","defn","intll","prot","invt","clmy","errc","frdy","lazy","dsor","unem","imit","indp"
"1","12f107e47567289bea3f2469e22ee78b","5/11/1995",0,NA,NA,"57fb5d0ae4d5344f7c5304d54546929a",1,"1/19/1999",NA,NA,NA,4,2,5,5,4,1,1,1,1,5,5,3,7,1,6,1,1,1,1,4,6,1,1,5,4,4,1,4,4,1,4,1,3,1,4,1,1,6,1,1,2,2,2
"2","5f10a650ceb7b82b729d5043d22d6c0b","1/21/1993",0,NA,NA,"b9a3c74cd48a8f5347281975470e8793",1,"7/26/2001",NA,NA,NA,5,3,4,5,5,2,5,5,3,5,5,5,3,3,4,5,3,3,5,5,4,5,3,4,5,5,2,5,5,2,5,5,4,4,4,4,3,4,3,5,4,4,5
"3","e5759c4da227a0de2fddc02065ef1e2f","1/1/1961",0,NA,NA,"c04f2152dd477342ab465e0f4dffb710",1,"9/3/1997",NA,NA,NA,4,5,5,4,4,2,5,4,2,3,4,5,5,6,4,3,3,5,4,4,4,4,4,4,3,4,4,6,4,4,4,3,5,4,5,4,4,3,4,4,3,5,5
"4","3dde88b05d070ca8f1b7551e28a1bd98","6/26/1989",0,NA,NA,"c04f2152dd477342ab465e0f4dffb710",1,"11/11/1997",NA,NA,NA,1,5,3,6,4,1,5,4,2,5,6,4,3,4,5,3,5,5,6,4,2,5,2,4,3,5,5,5,4,2,4,2,3,4,3,2,3,3,5,3,4,4,3
"5","01352b3aea65a37d42989d3beb780b76","6/15/1991",0,NA,NA,"dd448847d5ea21df46d77af16f9b54e8",2,"7/26/2001",NA,NA,NA,7,1,2,6,2,4,3,5,2,5,1,3,2,5,4,4,1,2,6,3,2,5,6,3,7,7,5,5,2,4,4,3,4,2,1,5,5,3,3,5,3,7,2
"6","01352b3aea65a37d42989d3beb780b76","6/15/1991",NA,NA,NA,"3e0b514bba2983f9afd4923909d51c2c",2,"10/4/1997",NA,NA,NA,2,4,7,3,6,4,2,2,5,5,4,5,3,6,3,4,2,2,6,5,6,3,4,6,6,4,4,6,4,6,6,4,6,5,4,1,5,6,4,2,5,6,7
"7","ad3e64803ee08efe3ced8a50aaff2e1d","11/19/1981",1,NA,NA,"2bdac43399e5231278527eaa929991f4",1,"2/10/1999",NA,NA,NA,1,7,4,3,6,2,5,5,2,6,1,5,4,2,5,4,5,4,6,3,4,2,2,3,1,1,4,6,6,1,4,1,6,4,3,1,2,4,2,1,4,1,7
"8","eae7d08d8a01827b97182c3c6ded6f75","1/9/1980",0,NA,NA,"0d1cd57e9fd861f93a8ec8e7aa0bbaab",1,"1/11/1999",NA,NA,NA,2,6,6,2,3,1,7,4,5,3,2,3,1,5,1,2,7,5,6,3,2,2,3,3,2,3,4,6,7,2,2,5,5,2,4,2,4,3,5,2,5,2,5
"9","a2eb1f45ac6990ca88e39986b1b45bc1","1/1/1955",0,NA,NA,"c04f2152dd477342ab465e0f4dffb710",1,"10/4/1997",NA,NA,NA,4,2,3,6,6,3,5,4,5,2,5,1,1,7,2,2,2,1,2,6,2,2,2,3,6,5,5,6,6,3,2,6,4,2,4,6,2,3,6,3,6,4,7
"10","df4c70e60655d3a003db55e78df8f400","12/18/1990",1,NA,NA,"b9a3c74cd48a8f5347281975470e8793",2,"7/15/2001",NA,NA,NA,1,7,6,2,3,3,7,5,5,5,2,2,4,4,6,3,5,5,5,3,5,6,5,5,1,2,4,3,5,1,4,4,5,3,6,2,5,4,1,5,2,4,7
"11","df4c70e60655d3a003db55e78df8f400","12/18/1990",NA,NA,NA,"4fdbfa0a004b35f397ec4cbd1ba9c916",2,"10/4/1997",NA,NA,NA,3,7,7,1,1,2,7,7,6,4,2,2,7,5,7,2,7,7,4,1,3,6,6,6,1,2,5,6,6,1,3,7,4,1,6,2,5,4,2,2,2,5,7
"12","59393ac04631a8baa94d53cbd3a87524","5/21/1991",1,NA,NA,"dd448847d5ea21df46d77af16f9b54e8",2,"7/26/2001",NA,NA,NA,2,5,6,2,1,3,6,7,7,4,1,2,2,3,7,4,6,6,5,2,3,7,6,4,1,2,6,5,4,4,2,3,2,3,2,4,7,3,2,5,3,2,5
"13","59393ac04631a8baa94d53cbd3a87524","5/21/1991",NA,NA,NA,"3e0b514bba2983f9afd4923909d51c2c",2,"10/4/1997",NA,NA,NA,5,4,6,6,3,1,2,6,2,6,5,5,6,2,7,5,2,3,5,5,6,7,3,5,5,4,3,6,3,2,5,3,3,3,4,2,3,6,2,3,1,5,3
"14","b4520ae8562d87d0fd53a9ee149ab0b3","7/24/1976",0,NA,NA,"b9a3c74cd48a8f5347281975470e8793",1,"7/15/2001",NA,NA,NA,4,5,4,4,4,2,4,3,2,4,5,5,3,4,3,5,1,1,5,5,4,4,3,4,2,3,2,6,5,4,5,5,4,4,4,5,3,3,5,3,5,4,5
"15","cbb074f44da58e781e7dbeada2d5d7b1","8/10/1965",0,NA,NA,"57fb5d0ae4d5344f7c5304d54546929a",1,"1/19/1999",NA,NA,NA,1,2,1,1,7,1,5,2,1,4,1,6,1,6,1,1,1,1,1,6,7,1,1,2,1,1,1,7,7,1,6,1,6,2,1,1,1,7,7,1,2,1,7
"16","268e0a4b7f1cf946630c27021b9ba354","8/1/1975",0,NA,NA,"dd448847d5ea21df46d77af16f9b54e8",2,"7/15/2001",NA,NA,NA,5,5,6,2,2,2,6,6,2,3,4,2,2,4,4,5,2,6,4,2,2,5,4,4,5,6,5,5,5,2,4,2,4,3,2,2,3,3,3,2,3,6,3
"17","268e0a4b7f1cf946630c27021b9ba354","8/1/1975",NA,NA,NA,"0f07c7ce75d1e8f9fd3c30b72c4df5cc",2,"6/2/2000",NA,NA,NA,4,4,5,2,3,2,4,4,4,4,3,3,4,3,4,3,4,3,3,3,3,4,4,4,3,3,4,4,4,2,4,3,3,4,3,2,4,3,2,2,2,3,4
"18","4875ee5d122f9178757759976fe8bd4b","12/16/1972",0,NA,NA,"57fb5d0ae4d5344f7c5304d54546929a",1,"1/13/1999",NA,NA,NA,2,3,2,6,6,1,1,2,1,5,1,4,1,5,1,4,2,1,3,6,6,1,1,4,3,2,4,6,4,4,4,1,5,5,3,1,1,6,6,1,1,4,4
"19","0606744354e53b3c8892811dfdda92cb","6/14/1976",0,NA,NA,"0d1cd57e9fd861f93a8ec8e7aa0bbaab",1,"1/11/1999",NA,NA,NA,4,2,2,5,4,1,4,2,2,2,5,3,2,5,2,2,2,2,2,3,2,2,2,3,5,5,2,5,3,5,3,2,2,2,2,2,2,5,5,3,5,2,2
"20","992fef579a4abb13b725737965240365","5/6/1989",0,NA,NA,"dd448847d5ea21df46d77af16f9b54e8",2,"7/15/2001",NA,NA,NA,1,7,7,2,2,5,7,6,7,1,2,1,2,2,7,3,7,7,6,1,1,6,6,5,1,1,7,6,5,2,5,2,5,2,2,2,3,3,2,5,2,2,7
"21","992fef579a4abb13b725737965240365","5/6/1989",NA,NA,NA,"0f07c7ce75d1e8f9fd3c30b72c4df5cc",2,"6/2/2000",NA,NA,NA,5,5,6,3,3,2,4,5,5,4,3,3,6,3,5,3,5,5,4,3,3,5,5,5,3,3,5,4,5,3,4,4,4,3,5,2,4,3,2,3,2,2,5
"22","42d6fcecf34f66bccdad31eb209c81f7","1/1/1962",0,NA,NA,"dd448847d5ea21df46d77af16f9b54e8",2,"7/26/2001",NA,NA,NA,3,2,6,3,3,4,5,4,4,3,3,4,2,3,3,5,2,4,3,4,4,4,3,4,4,3,3,6,4,5,4,2,2,3,2,4,4,3,4,5,5,2,6
"23","42d6fcecf34f66bccdad31eb209c81f7","1/1/1962",NA,NA,NA,"c04f2152dd477342ab465e0f4dffb710",2,"10/27/1997",NA,NA,NA,1,6,6,6,6,1,5,5,1,5,2,5,5,3,4,4,7,5,5,4,3,2,2,5,2,2,2,7,5,2,6,2,6,5,3,2,2,5,4,2,5,4,6
"24","eadace850c0cdb4f90c3994e66b10bd6","7/16/1988",1,NA,NA,"57fb5d0ae4d5344f7c5304d54546929a",1,"1/19/1999",NA,NA,NA,3,2,2,4,3,1,2,2,2,4,3,4,4,4,3,3,2,3,2,4,4,3,2,4,4,4,2,4,4,2,4,2,4,4,4,1,1,4,2,1,2,4,4
"25","37fd8ede4683a71873cc3cb7b8738c68","1/1/1969",0,NA,NA,"b9a3c74cd48a8f5347281975470e8793",2,"7/26/2001",NA,NA,NA,4,4,4,5,6,1,3,3,2,5,4,5,2,5,2,4,2,2,5,6,5,3,3,5,4,4,3,5,4,4,5,3,4,4,3,5,2,4,5,3,6,4,5
"26","37fd8ede4683a71873cc3cb7b8738c68","1/1/1969",NA,NA,NA,"c04f2152dd477342ab465e0f4dffb710",2,"10/21/1997",NA,NA,NA,5,1,1,7,5,5,1,2,1,4,7,3,1,6,1,2,1,1,3,3,2,3,2,1,7,6,4,6,2,5,3,1,1,3,1,6,1,4,7,6,4,1,1
"27","7e8621e9cbb64481ef7ceda36a348898","12/14/1971",1,NA,NA,"c04f2152dd477342ab465e0f4dffb710",2,"10/30/1997",NA,NA,NA,3,3,5,5,2,5,4,4,6,1,6,2,1,5,6,3,5,5,2,2,2,6,5,2,3,2,4,5,3,5,2,5,1,2,1,6,6,3,3,6,4,1,5
"28","7e8621e9cbb64481ef7ceda36a348898","12/14/1971",NA,NA,NA,"0a8bb5f5aa4e47f0506c75cccba38051",2,"7/27/2001",NA,NA,NA,1,3,2,5,6,1,2,2,2,2,5,5,2,5,3,4,3,2,2,6,6,2,3,2,4,2,1,5,4,4,4,2,5,4,3,1,1,5,6,1,5,3,4
"29","cba403f2550c2435c7f8a5738a899a14","11/11/1959",0,NA,NA,"c04f2152dd477342ab465e0f4dffb710",2,"11/12/1997",NA,NA,NA,4,5,3,5,6,1,3,3,2,4,5,4,1,4,1,4,3,2,4,5,4,2,2,2,4,4,2,5,5,4,5,2,2,4,1,5,2,4,6,5,5,3,4
"30","cba403f2550c2435c7f8a5738a899a14","11/11/1959",NA,NA,NA,"dd448847d5ea21df46d77af16f9b54e8",2,"1/25/2001",NA,NA,NA,5,1,3,5,6,2,3,3,1,4,5,2,2,5,2,3,1,2,3,3,3,3,3,3,2,3,3,6,5,4,4,2,4,2,2,4,2,4,3,4,5,2,6
"31","acecff0754f88695dc7b3b6173e69449","1/1/1964",0,NA,NA,"0d1cd57e9fd861f93a8ec8e7aa0bbaab",1,"1/11/1999",NA,NA,NA,1,7,5,3,6,1,3,2,1,6,1,5,3,2,4,4,5,1,2,5,5,2,3,6,2,2,1,5,5,1,6,1,7,6,6,2,1,5,3,1,3,1,6
"32","29564a8c39c5d8eb75e0ad230aa8bd26","4/26/1985",0,NA,NA,"c04f2152dd477342ab465e0f4dffb710",2,"11/11/1997",NA,NA,NA,4,5,4,5,4,4,5,5,3,5,6,3,4,3,4,3,5,5,5,3,3,5,5,3,3,4,5,2,3,4,5,3,2,5,5,5,5,3,3,6,4,3,4
"33","29564a8c39c5d8eb75e0ad230aa8bd26","4/26/1985",NA,NA,NA,"b9a3c74cd48a8f5347281975470e8793",2,"7/15/2001",NA,NA,NA,3,5,6,3,4,2,5,6,6,4,2,3,4,4,5,3,4,3,5,5,4,5,5,5,2,3,5,3,5,3,4,5,4,4,4,4,4,4,2,5,3,4,5
"34","f70f70ce30ae4a3120a757a0e8e1f4b3","1/20/1976",1,NA,NA,"c04f2152dd477342ab465e0f4dffb710",1,"8/8/1997",NA,NA,NA,2,5,5,1,1,6,6,5,6,5,2,3,4,6,5,3,6,6,4,2,2,6,6,4,3,4,5,3,4,4,3,5,4,5,4,5,5,4,4,5,2,4,5
"35","d264c49e2f2cdf2d734ad3da32411037","",1,NA,NA,"57fb5d0ae4d5344f7c5304d54546929a",1,"",NA,NA,NA,4,5,5,3,4,6,4,5,4,4,2,4,7,1,7,5,4,3,4,6,6,5,5,6,1,1,1,7,4,1,4,4,4,5,6,1,5,6,1,1,1,4,4
"36","7094f0936e97f5d16c4a502b96b5b3a0","1/2/1984",0,NA,NA,"bb57b6b64856fa4c3ebb2b20efa41b08",1,"6/11/2000",NA,NA,NA,5,1,1,6,2,6,2,2,1,2,6,3,2,7,1,5,1,2,2,5,2,6,2,1,7,2,2,2,4,6,6,2,5,1,1,1,2,2,5,1,5,2,2
"37","fbb171551b92f73b59d15e97098644f6","2/18/1991",0,NA,NA,"dd448847d5ea21df46d77af16f9b54e8",2,"7/15/2001",NA,NA,NA,5,3,5,5,4,1,2,2,2,4,5,3,3,5,4,4,3,5,5,3,2,4,2,3,6,5,4,5,4,2,5,2,4,6,2,1,2,2,2,2,4,5,2
"38","fbb171551b92f73b59d15e97098644f6","2/18/1991",NA,NA,NA,"4fdbfa0a004b35f397ec4cbd1ba9c916",2,"10/4/1997",NA,NA,NA,5,1,2,6,5,4,2,5,1,5,6,4,3,4,5,3,2,1,4,6,4,2,2,4,7,7,2,6,5,6,5,2,3,4,4,2,2,5,2,5,5,5,2
"39","dc3398ff7ae9560535001aadbb8cb50d","5/21/1986",1,NA,NA,"8bc31029242e023a9ff931f728b04a5c",2,"12/8/1997",NA,NA,NA,4,4,5,4,4,5,3,3,3,5,3,6,4,4,3,5,3,3,3,5,5,4,3,5,4,3,2,4,4,3,6,3,4,4,5,4,3,5,4,5,4,4,4
"40","dc3398ff7ae9560535001aadbb8cb50d","5/21/1986",NA,NA,NA,"b9a3c74cd48a8f5347281975470e8793",2,"7/15/2001",NA,NA,NA,2,4,5,3,5,1,4,3,4,4,1,4,2,2,5,5,3,2,5,4,4,6,2,4,5,3,2,5,5,3,5,5,4,4,3,3,2,5,4,2,3,4,5
"41","afdbfd38da809c1d34284e2fc9f0e1b3","3/21/1983",1,NA,NA,"c04f2152dd477342ab465e0f4dffb710",2,"11/3/1997",NA,NA,NA,3,2,4,5,5,1,3,4,2,6,6,4,4,6,2,4,3,2,5,6,5,3,2,1,6,6,2,5,5,4,5,2,1,4,1,5,3,4,5,6,5,1,3
"42","afdbfd38da809c1d34284e2fc9f0e1b3","3/21/1983",NA,NA,NA,"dd448847d5ea21df46d77af16f9b54e8",2,"7/26/2001",NA,NA,NA,2,6,3,4,3,4,4,4,6,3,3,4,3,3,5,3,5,6,3,4,4,5,5,3,2,3,4,5,3,5,5,2,3,3,3,4,5,3,5,5,3,4,5
"43","72e427137fe7ba7a068161eb8bf6e6e9","10/5/1989",0,NA,NA,"57fb5d0ae4d5344f7c5304d54546929a",1,"",NA,NA,NA,5,2,5,3,6,1,1,1,2,4,1,3,5,1,6,5,1,1,4,6,4,1,1,5,5,5,1,6,6,1,5,4,5,2,3,1,1,7,1,2,5,5,5
"44","b797dcdb2ddeb5df286e1062235d1db3","1/1/1957",0,NA,NA,"c04f2152dd477342ab465e0f4dffb710",1,"8/13/1997",NA,NA,NA,2,5,5,2,2,4,6,5,5,4,3,2,2,5,4,3,5,6,5,3,2,5,5,4,3,2,6,3,4,4,4,5,5,3,4,4,5,2,4,4,3,4,6
"45","ad2b19f608af344c773e881d2a3f34c0","6/1/1995",0,NA,NA,"b9a3c74cd48a8f5347281975470e8793",1,"7/26/2001",NA,NA,NA,6,1,5,6,3,1,4,5,3,3,5,3,4,4,4,4,2,2,5,5,5,3,2,6,6,6,2,4,4,2,6,4,4,3,4,5,3,5,2,3,4,5,3
"46","b6b16f6ce871470eaf22b192df88f449","11/28/1976",0,NA,NA,"bb57b6b64856fa4c3ebb2b20efa41b08",1,"6/11/2000",NA,NA,NA,6,4,3,4,3,6,2,3,4,3,4,4,3,5,3,4,4,3,3,4,5,5,6,2,3,3,4,3,4,4,4,4,5,5,2,1,4,4,2,1,2,3,5
"47","4dd8295ce2e91e47a063e7713701533a","6/6/1980",1,NA,NA,"4fdbfa0a004b35f397ec4cbd1ba9c916",1,"10/4/1997",NA,NA,NA,1,4,6,5,3,1,6,5,2,5,2,2,7,3,6,4,6,5,5,3,3,6,2,7,2,2,5,5,6,1,6,7,7,2,7,2,2,5,1,3,1,4,6
"48","b3f8bba549c3dadb6d099c2af7b55ce3","10/10/1977",1,NA,NA,"c04f2152dd477342ab465e0f4dffb710",2,"",NA,NA,NA,6,4,3,6,4,6,6,4,5,3,6,4,3,7,3,3,5,4,6,2,2,6,5,5,3,5,3,3,5,5,2,4,3,5,2,6,5,4,5,5,3,2,5
"49","b3f8bba549c3dadb6d099c2af7b55ce3","10/10/1977",NA,NA,NA,"bb57b6b64856fa4c3ebb2b20efa41b08",2,"8/17/1997",NA,NA,NA,2,5,4,6,2,4,6,4,2,1,2,4,3,6,2,2,4,2,3,3,1,4,5,2,2,3,6,6,5,6,3,4,4,3,2,2,3,2,6,4,2,4,4
"50","e6591da609624adddadb3ef6394af432","1/3/1986",1,NA,NA,"dd448847d5ea21df46d77af16f9b54e8",2,"",NA,NA,NA,2,6,5,2,5,2,4,4,2,5,2,3,4,1,4,5,2,4,2,4,4,4,2,3,3,2,4,5,5,2,4,2,4,4,3,2,2,5,5,2,4,2,6
"51","e6591da609624adddadb3ef6394af432","1/3/1986",NA,NA,NA,"c04f2152dd477342ab465e0f4dffb710",2,"8/13/1997",NA,NA,NA,5,3,4,4,4,1,4,4,3,4,5,4,4,5,4,4,5,3,4,3,3,5,3,3,5,6,4,4,3,4,4,3,3,4,2,5,5,3,5,5,4,4,4
"52","d92b46c94316d70c01adbcfd6c58cfb1","6/7/1980",0,NA,NA,"57fb5d0ae4d5344f7c5304d54546929a",1,"",NA,NA,NA,2,2,5,6,6,1,2,7,2,6,2,6,3,2,4,6,4,1,1,6,5,1,2,5,4,2,2,6,5,2,6,1,6,5,4,1,2,6,5,1,2,4,5
"53","41808f2d4b6f55ffe7568a6806eb27b1","10/1/1989",0,NA,NA,"57fb5d0ae4d5344f7c5304d54546929a",1,"",NA,NA,NA,5,5,4,2,3,2,7,5,5,3,5,1,3,3,4,2,6,5,5,3,3,5,5,2,2,4,6,4,5,4,2,5,3,2,2,4,5,3,5,5,5,5,2
"54","91b5b1d9d1cfb0406d9836f6c62b7503","6/16/1988",0,NA,NA,"b9a3c74cd48a8f5347281975470e8793",2,"7/26/2001",NA,NA,NA,2,6,6,5,3,2,5,5,3,3,4,3,3,4,4,3,5,5,4,3,3,3,3,3,3,4,5,4,5,3,5,5,4,4,4,3,3,3,2,5,3,4,5
"55","91b5b1d9d1cfb0406d9836f6c62b7503","6/16/1988",NA,NA,NA,"c04f2152dd477342ab465e0f4dffb710",2,"12/30/1998",NA,NA,NA,5,6,6,5,4,4,7,6,5,5,2,1,4,2,6,2,6,6,5,2,4,5,5,5,1,4,6,4,5,2,3,6,6,5,4,2,2,2,2,1,3,4,6
"56","80fd6b1b180830a6668d21ebdfc589e0","6/27/1977",1,NA,NA,"dd448847d5ea21df46d77af16f9b54e8",2,"7/15/2001",NA,NA,NA,5,3,3,5,5,2,4,3,2,5,2,5,3,2,4,4,2,3,2,4,3,5,3,5,3,3,3,5,5,2,5,2,4,3,4,2,2,5,2,2,3,2,5
"57","80fd6b1b180830a6668d21ebdfc589e0","6/27/1977",NA,NA,NA,"57fb5d0ae4d5344f7c5304d54546929a",2,"1/14/1999",NA,NA,NA,4,2,5,3,2,7,4,5,6,2,5,2,6,6,6,2,4,5,2,2,2,6,7,5,5,4,3,4,3,3,4,4,2,3,2,5,6,4,3,6,2,4,4
"58","09932e4f7ee40d230e11e39b9845554c","1/1/1961",1,NA,NA,"dd448847d5ea21df46d77af16f9b54e8",2,"7/15/2001",NA,NA,NA,1,7,5,2,2,2,5,5,5,2,1,2,2,6,3,2,6,7,5,2,1,6,6,2,1,1,6,5,6,5,2,6,5,3,2,2,6,2,2,5,3,2,6
"59","09932e4f7ee40d230e11e39b9845554c","1/1/1961",NA,NA,NA,"c04f2152dd477342ab465e0f4dffb710",2,"8/28/1997",NA,NA,NA,4,2,6,4,4,5,4,3,2,2,6,2,1,6,1,3,2,1,3,4,2,1,4,2,5,5,3,4,6,6,2,2,3,3,3,5,5,3,6,5,6,2,6
"60","71493139591edd7de3faa1e2ab0eb259","4/3/1990",0,NA,NA,"bb57b6b64856fa4c3ebb2b20efa41b08",1,"6/11/2000",NA,NA,NA,4,2,2,5,4,2,4,3,2,6,5,5,3,5,3,5,3,3,4,6,6,4,2,3,6,6,2,2,6,2,6,3,6,5,2,1,2,6,4,1,5,4,3
"61","3e6e1b3f12d5279beb642e0453ce6eda","",1,NA,NA,"c04f2152dd477342ab465e0f4dffb710",1,"",NA,NA,NA,2,4,4,2,2,4,4,5,6,4,4,2,5,6,4,2,5,4,5,4,3,6,5,5,2,4,4,3,2,5,2,6,4,4,3,4,5,3,2,6,3,4,5
"62","71687f805a9c702006dabaeef04b0b3e","2/25/1994",1,NA,NA,"2bdac43399e5231278527eaa929991f4",1,"2/10/1999",NA,NA,NA,4,1,2,2,4,1,2,5,5,6,2,3,7,1,7,2,1,1,2,4,5,5,5,6,6,6,1,5,4,1,5,1,4,2,4,2,3,6,1,5,3,4,3
"63","d83e753420103de74d62cfb2069142a9","2/8/1990",1,NA,NA,"dd448847d5ea21df46d77af16f9b54e8",2,"7/15/2001",NA,NA,NA,2,5,5,3,2,7,5,6,5,3,3,2,2,3,6,4,4,6,5,3,2,6,6,4,3,3,6,2,3,3,3,5,3,5,2,3,6,3,2,6,3,2,2
"64","d83e753420103de74d62cfb2069142a9","2/8/1990",NA,NA,NA,"b9a3c74cd48a8f5347281975470e8793",2,"7/30/2001",NA,NA,NA,2,5,4,2,2,7,3,4,6,4,2,2,3,4,5,4,5,5,4,3,3,4,5,2,3,2,5,3,3,4,3,3,3,3,3,5,5,2,3,6,3,4,5
"65","19a0b86f28dc6999c6be5ccf0d4d4c04","5/28/1991",0,NA,NA,"c04f2152dd477342ab465e0f4dffb710",2,"11/2/1997",NA,NA,NA,4,5,6,5,3,1,6,6,5,3,3,2,1,5,4,3,6,5,5,2,2,5,6,5,2,4,6,4,4,5,2,6,5,3,3,4,4,2,4,4,2,2,6
"66","19a0b86f28dc6999c6be5ccf0d4d4c04","5/28/1991",NA,NA,NA,"3e0b514bba2983f9afd4923909d51c2c",2,"10/4/1997",NA,NA,NA,3,6,6,5,5,2,6,7,4,5,2,2,4,5,5,3,6,5,6,3,3,3,3,4,2,2,4,6,6,4,4,5,5,3,3,4,2,4,2,2,5,4,5
"67","b352ba64280e3fbc0c5f368c511ddaaa","8/14/1972",0,NA,NA,"b9a3c74cd48a8f5347281975470e8793",1,"7/15/2001",NA,NA,NA,2,2,2,5,5,1,4,2,2,3,5,2,1,6,1,3,2,1,4,5,2,1,1,1,6,4,1,6,3,5,4,1,4,2,3,2,2,2,7,2,7,4,4
"68","ae1326c0bb4cb272e0931e17702ffb28","10/31/1988",0,NA,NA,"c04f2152dd477342ab465e0f4dffb710",2,"11/5/1997",NA,NA,NA,2,5,6,4,6,1,5,6,3,6,2,5,6,1,6,5,5,3,7,4,5,3,3,6,3,3,2,6,6,1,5,5,7,5,5,2,2,5,1,1,4,4,6
"69","ae1326c0bb4cb272e0931e17702ffb28","10/31/1988",NA,NA,NA,"dd448847d5ea21df46d77af16f9b54e8",2,"7/26/2001",NA,NA,NA,6,3,6,2,3,2,4,6,5,4,2,3,4,3,5,5,4,2,4,3,5,6,6,5,6,5,5,5,3,2,5,3,6,4,5,4,4,3,2,4,3,4,3
"70","9b4fea990f8e2d68cd2e1b5b0418280c","2/19/1990",1,NA,NA,"b9a3c74cd48a8f5347281975470e8793",1,"7/26/2001",NA,NA,NA,1,6,2,2,5,1,3,2,2,2,2,2,2,5,3,3,5,4,4,4,3,2,3,2,4,2,2,4,4,5,3,5,3,3,3,3,3,3,6,3,6,3,6
"71","068e5074f828de3fafb9fe3ef9466418","10/20/1973",0,NA,NA,"57fb5d0ae4d5344f7c5304d54546929a",1,"1/16/1999",NA,NA,NA,1,7,7,1,2,1,7,7,7,2,1,2,4,1,4,3,7,6,7,1,4,5,6,5,1,1,7,7,7,1,4,6,2,2,4,1,2,1,4,2,1,1,7
"72","6d8ee97ada4c05f869dd5643bee857b3","9/4/1991",0,NA,NA,"dd448847d5ea21df46d77af16f9b54e8",2,"7/15/2001",NA,NA,NA,6,2,3,6,4,1,1,2,2,2,6,2,2,5,3,2,1,1,1,4,2,5,2,2,7,6,2,6,2,5,6,1,4,2,2,2,1,4,2,2,5,2,1
"73","6d8ee97ada4c05f869dd5643bee857b3","9/4/1991",NA,NA,NA,"dd448847d5ea21df46d77af16f9b54e8",2,"7/29/2001",NA,NA,NA,4,6,4,5,6,1,7,6,2,6,2,3,2,2,6,3,6,5,6,4,3,4,2,6,3,4,2,6,6,2,2,3,6,6,4,1,1,3,1,1,6,5,5
"74","25710e0c9eee87b77aa87bd20dce04be","6/22/1992",0,NA,NA,"b9a3c74cd48a8f5347281975470e8793",2,"",NA,NA,NA,2,4,4,3,5,2,4,2,2,3,3,3,4,4,4,4,2,2,3,5,3,2,2,5,5,3,4,5,5,2,4,3,4,2,4,3,2,3,4,2,5,5,4
"75","25710e0c9eee87b77aa87bd20dce04be","6/22/1992",NA,NA,NA,"c04f2152dd477342ab465e0f4dffb710",2,"6/16/2002",NA,NA,NA,4,2,4,5,6,2,4,3,2,5,6,3,3,5,4,3,2,2,3,4,4,4,4,5,5,5,4,5,4,3,5,1,5,4,2,3,6,4,3,4,6,2,5
"76","b07c2760643c3cf8db6a3c1d6caa61d7","12/5/1994",0,NA,NA,"b9a3c74cd48a8f5347281975470e8793",1,"7/26/2001",NA,NA,NA,6,2,5,6,3,1,6,6,3,6,5,5,5,2,4,5,2,1,5,4,5,4,3,6,6,5,2,4,3,2,5,5,5,4,5,5,3,5,3,2,3,4,3
"77","4fb718cebf55cd58276ca3096908193c","12/10/1967",0,NA,NA,"b9a3c74cd48a8f5347281975470e8793",2,"7/15/2001",NA,NA,NA,2,6,5,4,5,2,6,3,2,4,3,3,2,4,4,2,1,2,4,5,4,4,3,2,2,2,2,5,4,3,4,3,4,3,3,3,2,4,3,4,4,4,5
"78","4fb718cebf55cd58276ca3096908193c","12/10/1967",NA,NA,NA,"c04f2152dd477342ab465e0f4dffb710",2,"9/17/1997",NA,NA,NA,3,3,6,5,3,6,5,5,2,2,6,2,2,6,1,3,4,4,2,3,2,2,4,2,5,4,5,4,5,5,2,3,1,3,2,6,5,2,7,6,6,2,5
"79","c5df3529047ca1794cdf1bafdae6b687","",0,NA,NA,"57fb5d0ae4d5344f7c5304d54546929a",1,"",NA,NA,NA,5,1,5,6,3,5,2,2,4,4,5,4,4,4,5,4,4,1,4,5,4,6,5,6,5,5,3,5,4,2,4,2,4,4,5,1,5,6,1,2,3,4,3
"80","db9e5f344f66115cd06d553ed2475179","7/14/1988",1,NA,NA,"c04f2152dd477342ab465e0f4dffb710",2,"11/21/1997",NA,NA,NA,3,5,5,2,2,5,4,5,6,3,4,2,4,4,4,3,5,6,3,2,2,5,5,4,2,2,6,2,3,4,2,5,3,6,3,5,6,2,4,5,3,2,6
"81","db9e5f344f66115cd06d553ed2475179","7/14/1988",NA,NA,NA,"b9a3c74cd48a8f5347281975470e8793",2,"7/26/2001",NA,NA,NA,2,5,3,4,3,3,5,5,5,3,2,2,3,5,5,4,5,6,4,4,3,5,3,4,2,2,4,5,3,3,4,3,4,3,4,4,5,4,4,5,4,5,5
"82","6e1ac6235538b6c3193d2579a75010aa","12/10/1953",0,NA,NA,"c04f2152dd477342ab465e0f4dffb710",1,"10/22/1997",NA,NA,NA,1,1,5,6,5,3,3,2,1,5,5,5,4,6,1,4,1,1,5,6,4,4,3,5,6,5,2,5,3,4,4,1,5,4,3,5,3,6,5,4,2,4,5
"83","ae6ab99328d65c5961d4807353cd096d","1/1/1967",0,NA,NA,"c04f2152dd477342ab465e0f4dffb710",1,"8/31/1997",NA,NA,NA,2,7,7,3,4,2,6,5,6,3,5,3,5,5,4,2,7,6,6,3,2,5,4,4,2,2,4,4,5,4,3,6,4,4,3,5,4,5,3,4,5,4,6
"84","74812d18c64a901d7045589553e7e3ee","4/18/1983",1,NA,NA,"dd448847d5ea21df46d77af16f9b54e8",2,"7/15/2001",NA,NA,NA,1,6,6,2,2,3,6,6,5,5,2,1,2,4,2,5,5,6,4,2,3,7,7,3,2,1,6,5,5,2,6,3,4,4,2,2,4,4,2,5,5,4,5
"85","74812d18c64a901d7045589553e7e3ee","4/18/1983",NA,NA,NA,"c04f2152dd477342ab465e0f4dffb710",2,"9/2/1997",NA,NA,NA,3,4,5,3,3,5,5,5,5,3,5,3,2,6,2,4,4,5,4,2,2,4,5,2,5,4,5,5,3,5,2,4,2,3,1,6,6,3,6,6,5,2,5
"86","c2b9f615ab1d0c2b47780cabc407efd2","8/27/1980",0,NA,NA,"14e52f9413a6847d4f37497b46be731b",1,"8/16/2000",NA,NA,NA,1,7,7,2,6,1,7,7,6,6,1,2,4,1,4,3,7,7,7,1,4,4,6,7,1,1,6,1,6,1,2,7,6,2,6,1,6,3,2,2,3,2,7
"87","7bc214871c75f4547d50c7189b55f76a","1/1/1969",0,NA,NA,"57fb5d0ae4d5344f7c5304d54546929a",1,"1/16/1999",NA,NA,NA,1,1,7,7,6,1,1,7,1,6,1,4,1,5,1,5,1,1,7,1,6,1,1,6,1,4,1,7,6,1,5,2,7,5,7,1,1,2,7,1,2,4,5
"88","9ef921c5ffbadeb77013891706b0d234","5/8/1969",0,NA,NA,"b9a3c74cd48a8f5347281975470e8793",2,"7/15/2001",NA,NA,NA,4,3,3,6,6,2,4,3,2,4,5,4,2,5,1,4,1,1,4,5,4,3,1,1,4,3,2,6,4,5,4,2,3,4,2,5,2,3,6,3,6,4,4
"89","9ef921c5ffbadeb77013891706b0d234","5/8/1969",NA,NA,NA,"dd448847d5ea21df46d77af16f9b54e8",2,"7/29/2001",NA,NA,NA,5,4,3,4,5,2,4,4,3,3,4,4,3,5,3,4,3,3,4,4,4,4,5,4,5,4,5,5,5,5,5,4,3,3,3,4,3,4,4,4,3,3,5
"90","a6d4071905571d9f47cf4e30d57fabf5","1/1/1959",1,NA,NA,"c04f2152dd477342ab465e0f4dffb710",1,"7/27/1997",NA,NA,NA,1,6,6,2,2,6,6,4,6,3,5,2,3,4,4,4,5,6,5,3,3,6,6,4,2,4,4,5,5,5,2,6,4,4,4,5,6,4,4,5,1,4,5
"91","996c0adb09fed059ca153837f33549d2","8/3/1984",1,NA,NA,"c04f2152dd477342ab465e0f4dffb710",1,"7/10/1997",NA,NA,NA,5,5,5,2,2,1,3,5,6,5,2,2,1,6,4,2,6,6,6,2,2,6,3,3,2,4,5,4,6,3,2,6,4,2,4,4,6,4,2,3,2,4,6
"92","2a0867a0b0375142629c40f6b1b2f773","8/1/1962",1,NA,NA,"dd448847d5ea21df46d77af16f9b54e8",1,"7/26/2001",NA,NA,NA,3,1,2,5,5,2,2,3,2,2,5,3,3,6,1,4,2,2,1,5,5,2,2,1,3,2,2,6,3,5,4,2,3,3,1,3,1,4,7,5,4,3,6
"93","420711213ef1bc34f7c5c5045706e141","10/16/1976",0,NA,NA,"c04f2152dd477342ab465e0f4dffb710",2,"11/3/1997",NA,NA,NA,5,5,3,2,3,1,6,6,6,4,5,3,1,4,4,3,6,5,5,3,2,5,6,1,1,4,6,2,4,3,3,6,2,2,1,2,6,2,4,5,2,2,6
"94","420711213ef1bc34f7c5c5045706e141","10/16/1976",NA,NA,NA,"dd448847d5ea21df46d77af16f9b54e8",2,"7/25/2001",NA,NA,NA,3,4,4,3,6,2,6,5,4,3,2,3,4,3,4,4,5,5,5,4,3,3,3,3,2,2,5,4,5,3,3,5,4,4,4,3,2,3,4,3,3,4,5
"95","f3594c993939d108a7cb1467f0c52256","5/17/1995",0,NA,NA,"57fb5d0ae4d5344f7c5304d54546929a",1,"1/14/1999",NA,NA,NA,2,1,4,4,3,1,2,4,4,7,4,4,7,1,7,4,2,1,4,7,6,2,1,7,5,5,1,4,2,1,4,1,3,4,4,5,1,6,1,5,5,7,4
"96","e26e87b1c55d6ad628db76a9f727b9f4","9/21/1987",1,NA,NA,"8bc31029242e023a9ff931f728b04a5c",1,"7/24/1997",NA,NA,NA,1,7,7,1,3,1,5,5,5,4,1,1,6,1,6,3,6,6,4,2,4,3,5,5,1,1,5,2,6,2,2,4,6,2,5,2,6,3,1,1,1,1,7
"97","f465f22cbba5125075842393f79bcf50","1/1/1969",0,NA,NA,"c04f2152dd477342ab465e0f4dffb710",2,"7/10/1997",NA,NA,NA,4,4,5,5,7,1,2,3,2,5,2,5,5,3,3,4,2,2,5,5,5,4,4,5,3,2,2,5,5,1,4,2,6,5,6,2,2,5,2,2,5,4,5
"98","f465f22cbba5125075842393f79bcf50","1/1/1969",NA,NA,NA,"dd448847d5ea21df46d77af16f9b54e8",2,"7/15/2001",NA,NA,NA,3,6,5,5,5,2,3,5,3,2,5,3,2,2,2,2,2,2,4,3,3,4,2,2,2,3,5,5,4,4,5,3,4,2,2,3,2,4,4,3,5,5,2
"99","b6b236c6d497192a1bb9af542f89f01b","2/14/1958",0,NA,NA,"dd448847d5ea21df46d77af16f9b54e8",2,"7/26/2001",NA,NA,NA,3,2,2,5,5,3,2,2,1,2,4,3,1,6,2,4,1,2,3,4,3,3,2,2,5,5,2,5,5,5,4,1,3,2,2,4,2,4,2,5,4,2,6
"100","b6b236c6d497192a1bb9af542f89f01b","2/14/1958",NA,NA,NA,"c04f2152dd477342ab465e0f4dffb710",2,"12/30/1998",NA,NA,NA,5,1,2,5,2,7,2,1,1,1,6,5,1,7,2,2,1,2,3,4,1,2,3,1,6,3,5,5,4,7,2,2,1,2,3,6,5,4,5,6,5,2,6
"101","2f841de1f122b159ff435250994a9b58","1/1/1963",0,NA,NA,"c04f2152dd477342ab465e0f4dffb710",1,"9/10/1997",NA,NA,NA,4,5,7,3,2,5,6,5,3,2,3,1,2,6,3,3,6,5,4,3,2,7,5,2,3,3,7,2,6,4,4,6,5,3,3,4,6,2,4,4,1,3,5
"102","7e372ace814d9f3290115d80908b9d9a","8/14/1982",0,NA,NA,"57fb5d0ae4d5344f7c5304d54546929a",1,"1/19/1999",NA,NA,NA,2,1,6,5,4,1,1,1,2,2,2,4,3,6,3,3,1,1,2,6,4,1,1,4,5,4,2,4,3,2,4,2,4,2,2,1,2,4,5,1,2,1,6
"103","ac9e41cc174fb8a0cb83754c5d86e82d","3/9/1992",0,NA,NA,"b9a3c74cd48a8f5347281975470e8793",2,"7/26/2001",NA,NA,NA,3,6,7,5,3,1,7,6,5,4,3,3,3,5,4,3,6,5,4,3,3,4,6,4,2,2,5,4,5,3,3,5,5,3,3,3,4,3,2,3,4,4,6
"104","ac9e41cc174fb8a0cb83754c5d86e82d","3/9/1992",NA,NA,NA,"bb57b6b64856fa4c3ebb2b20efa41b08",2,"8/17/1997",NA,NA,NA,2,6,5,3,2,3,7,7,6,3,1,3,5,5,6,3,6,4,3,3,2,5,7,6,1,1,6,3,7,6,5,5,5,2,7,1,4,2,1,2,1,4,7
"105","23b2da5e0693db4e47d313abd26fd708","1/21/1977",1,NA,NA,"b9a3c74cd48a8f5347281975470e8793",2,"7/15/2001",NA,NA,NA,1,6,3,2,3,1,6,5,3,3,4,2,2,5,2,3,5,5,4,2,2,2,2,4,2,1,4,5,5,5,3,3,4,2,3,4,4,2,6,4,5,4,5
"106","23b2da5e0693db4e47d313abd26fd708","1/21/1977",NA,NA,NA,"c04f2152dd477342ab465e0f4dffb710",2,"8/21/1997",NA,NA,NA,4,4,5,4,6,3,4,4,2,4,5,4,4,5,3,4,4,2,3,5,4,3,3,4,5,5,3,5,3,4,5,3,3,5,4,5,3,5,5,3,5,3,5
"107","338b292ca9eb2efab6b55425c057884d","1/1/1964",1,NA,NA,"bb57b6b64856fa4c3ebb2b20efa41b08",1,"6/11/2000",NA,NA,NA,2,4,3,5,6,4,5,3,4,6,2,5,4,5,4,5,5,4,5,6,6,3,2,4,2,4,2,6,5,2,6,2,6,5,2,1,1,6,4,1,6,2,5
"108","ed70a5788b6d33288167317b561b90fb","1/10/1993",1,NA,NA,"c04f2152dd477342ab465e0f4dffb710",2,"11/30/1997",NA,NA,NA,2,5,5,4,4,1,5,3,3,6,2,4,6,1,5,4,2,1,6,4,5,3,2,6,3,3,2,4,5,1,4,3,5,5,5,2,1,5,1,1,2,4,6
"109","ed70a5788b6d33288167317b561b90fb","1/10/1993",NA,NA,NA,"dd448847d5ea21df46d77af16f9b54e8",2,"7/26/2001",NA,NA,NA,3,6,6,3,3,4,5,5,6,3,2,2,3,4,6,3,5,5,5,3,4,6,5,5,2,2,5,5,3,3,6,5,5,2,5,3,5,3,2,4,3,2,4
"110","1a23e21b875858bb09819cf72dc15ec4","11/25/1980",1,NA,NA,"c04f2152dd477342ab465e0f4dffb710",2,"8/15/1997",NA,NA,NA,3,5,5,2,3,5,5,4,5,5,3,4,5,4,5,4,5,5,4,3,3,5,5,5,3,4,4,4,4,5,4,5,4,4,4,4,5,5,4,4,2,4,4
"111","1a23e21b875858bb09819cf72dc15ec4","11/25/1980",NA,NA,NA,"dd448847d5ea21df46d77af16f9b54e8",2,"7/15/2001",NA,NA,NA,2,6,6,2,2,3,6,1,7,1,2,1,2,5,6,2,7,7,6,1,1,7,6,2,1,2,7,6,5,3,7,7,2,2,2,2,2,1,1,3,2,2,6
"112","ca7ed554a50491e836558310eec7ce3e","2/23/1968",1,NA,NA,"c04f2152dd477342ab465e0f4dffb710",1,"7/17/1997",NA,NA,NA,6,2,2,2,6,5,1,1,1,5,7,5,4,6,2,4,2,2,4,5,5,3,2,2,5,5,2,6,4,2,4,2,2,5,3,5,2,5,5,6,5,3,5
"113","30d08681f5bf29538f9fbd97edac9cbd","8/29/1994",0,NA,NA,"b9a3c74cd48a8f5347281975470e8793",1,"",NA,NA,NA,4,4,6,3,3,2,4,4,4,4,3,2,5,2,5,3,3,3,4,4,3,4,5,4,4,4,5,4,5,2,5,4,4,2,3,2,2,4,2,2,3,4,3
"114","49acc3088bdbfd28e7b7a71dad06134f","8/1/1986",1,NA,NA,"b9a3c74cd48a8f5347281975470e8793",2,"7/15/2001",NA,NA,NA,4,3,5,3,6,2,3,2,4,6,1,3,3,3,4,4,2,1,4,5,6,5,2,6,4,2,1,6,4,2,4,2,4,4,5,1,1,6,5,2,2,3,5
"115","49acc3088bdbfd28e7b7a71dad06134f","8/1/1986",NA,NA,NA,"4fdbfa0a004b35f397ec4cbd1ba9c916",2,"10/4/1997",NA,NA,NA,2,5,3,2,5,2,4,5,6,4,2,3,5,3,6,2,6,5,4,3,2,4,6,5,5,4,4,5,3,2,3,5,6,2,5,2,5,4,2,5,3,5,5
"116","6ad7dba41788dafe77dd83050c7e7f58","5/13/1986",0,NA,NA,"c04f2152dd477342ab465e0f4dffb710",1,"9/30/1997",NA,NA,NA,6,2,4,6,3,5,5,4,2,3,6,3,3,4,3,3,5,4,4,4,2,5,3,2,6,6,5,5,3,4,3,3,3,2,4,5,5,2,5,5,2,5,2
"117","95315fce19c4f41d52f0b24b12ac26cf","7/26/1987",0,NA,NA,"8bc31029242e023a9ff931f728b04a5c",2,"7/18/1997",NA,NA,NA,5,1,4,5,4,6,1,1,1,4,4,4,3,2,4,5,1,1,1,5,6,4,2,4,5,5,2,4,4,2,6,2,6,5,4,3,1,6,1,1,1,7,4
"118","95315fce19c4f41d52f0b24b12ac26cf","7/26/1987",NA,NA,NA,"3e0b514bba2983f9afd4923909d51c2c",2,"10/4/1997",NA,NA,NA,2,5,5,5,6,2,3,3,1,5,4,5,6,5,3,5,3,1,5,6,5,2,3,6,4,3,2,6,5,5,6,2,7,4,6,1,2,6,4,1,3,7,7
"119","77cadcf5bdaaf38de75569ea4430854d","6/1/1988",0,NA,NA,"b9a3c74cd48a8f5347281975470e8793",2,"7/26/2001",NA,NA,NA,2,7,7,2,6,2,7,6,5,4,1,1,5,3,3,3,6,5,5,3,3,4,4,3,2,1,3,5,6,2,3,4,5,2,3,5,2,3,6,2,3,3,6
"120","77cadcf5bdaaf38de75569ea4430854d","6/1/1988",NA,NA,NA,"0a8bb5f5aa4e47f0506c75cccba38051",2,"7/27/2001",NA,NA,NA,2,6,6,2,6,1,7,7,3,6,2,5,7,2,6,4,6,5,6,3,6,5,5,6,2,2,1,5,6,2,5,5,7,5,6,4,2,5,3,2,2,6,6
"121","82ad61b54bac881f65f3664745f9c65e","7/8/1990",1,NA,NA,"2bdac43399e5231278527eaa929991f4",1,"1/12/1999",NA,NA,NA,6,2,2,2,2,1,5,4,7,4,2,2,6,4,6,2,7,5,2,1,3,5,6,6,5,4,3,3,6,1,4,5,6,1,4,2,3,3,1,4,2,1,4
"122","33f89ae5c08e35ead6f272b6d27f8af7","4/27/1988",1,NA,NA,"8bc31029242e023a9ff931f728b04a5c",2,"7/24/1997",NA,NA,NA,4,3,3,5,4,1,1,4,1,4,2,4,5,3,5,4,4,3,2,4,5,4,2,5,5,4,2,4,4,2,5,3,4,4,6,2,4,4,2,2,2,2,4
"123","33f89ae5c08e35ead6f272b6d27f8af7","4/27/1988",NA,NA,NA,"095339992c52ac54605c6e9f9db756ab",2,"8/17/1997",NA,NA,NA,3,6,4,7,6,3,6,7,2,7,4,6,6,2,6,5,2,2,4,6,7,3,2,6,1,5,2,4,5,1,6,2,6,5,6,1,3,7,2,2,2,4,5
"124","92a21002c5b26f9af11b72ba62f80b00","12/29/1983",0,NA,NA,"c04f2152dd477342ab465e0f4dffb710",2,"7/12/1997",NA,NA,NA,3,2,5,4,5,3,5,5,4,4,4,3,5,4,4,5,4,5,5,3,3,5,5,4,5,5,2,5,5,5,3,5,5,5,5,4,2,5,2,3,5,4,5
"125","92a21002c5b26f9af11b72ba62f80b00","12/29/1983",NA,NA,NA,"0a8bb5f5aa4e47f0506c75cccba38051",2,"7/27/2001",NA,NA,NA,2,6,4,5,6,1,6,6,3,6,2,5,3,3,2,3,4,2,3,4,6,3,4,3,4,3,2,6,5,2,5,6,6,5,4,5,2,6,6,5,2,3,6
"126","b7d95ebca1622fcb38c6eeda8ba20c90","2/29/1976",0,NA,NA,"b9a3c74cd48a8f5347281975470e8793",2,"7/15/2001",NA,NA,NA,4,3,4,6,3,2,2,2,2,5,4,5,2,4,3,4,1,1,6,5,5,4,3,5,6,3,1,3,4,3,6,5,5,4,5,4,2,4,4,3,4,4,3
"127","b7d95ebca1622fcb38c6eeda8ba20c90","2/29/1976",NA,NA,NA,"0f07c7ce75d1e8f9fd3c30b72c4df5cc",2,"6/2/2000",NA,NA,NA,4,4,4,4,4,2,4,4,2,4,3,3,4,3,3,3,3,3,3,4,3,4,3,4,3,3,3,4,4,3,4,3,4,4,4,1,1,3,3,2,2,3,4
"128","f63929e97d94e012fc0ce2d627fe9d40","9/8/1975",1,NA,NA,"dd448847d5ea21df46d77af16f9b54e8",2,"7/15/2001",NA,NA,NA,7,1,6,6,2,6,5,6,3,2,6,4,2,3,5,2,1,3,4,2,2,7,5,2,7,2,5,5,4,4,6,1,4,1,2,2,6,3,3,5,2,1,1
"129","f63929e97d94e012fc0ce2d627fe9d40","9/8/1975",NA,NA,NA,"b9a3c74cd48a8f5347281975470e8793",2,"7/30/2001",NA,NA,NA,7,1,5,5,2,3,3,5,3,3,6,2,3,5,4,3,2,2,5,4,3,5,3,4,7,5,4,3,3,4,5,2,4,2,4,4,5,3,4,3,2,4,3
"130","0670e2a961f0b766fd021adbff055421","1/1/1970",0,NA,NA,"b9a3c74cd48a8f5347281975470e8793",2,"7/26/2001",NA,NA,NA,2,5,2,3,6,4,2,2,2,5,2,5,3,4,1,4,2,2,4,5,5,3,3,3,3,3,2,5,4,4,4,3,4,5,4,4,3,5,7,3,5,4,5
"131","0670e2a961f0b766fd021adbff055421","1/1/1970",NA,NA,NA,"c04f2152dd477342ab465e0f4dffb710",2,"9/26/1997",NA,NA,NA,5,5,5,6,6,5,5,2,1,5,5,5,1,4,2,3,3,3,5,5,5,2,2,3,3,4,3,6,5,5,3,3,5,4,4,3,2,5,5,2,5,2,6
"132","65e54990c79d6f73b206f4ee9a6357fa","1/1/1969",0,NA,NA,"b9a3c74cd48a8f5347281975470e8793",2,"7/26/2001",NA,NA,NA,5,3,5,4,3,2,1,2,3,4,4,5,3,3,3,5,3,3,5,5,5,5,3,4,3,3,3,5,4,3,5,3,5,5,5,5,3,5,3,2,3,4,3
"133","65e54990c79d6f73b206f4ee9a6357fa","1/1/1969",NA,NA,NA,"57fb5d0ae4d5344f7c5304d54546929a",2,"1/14/1999",NA,NA,NA,2,4,6,4,5,1,6,5,2,5,3,5,2,4,2,4,2,1,5,6,6,2,1,6,4,2,1,6,6,1,5,4,7,5,4,1,2,6,2,2,3,1,6
"134","afce7a0a6f19f2629feab5fd486250ff","2/10/1994",1,NA,NA,"33977d85afa8a72a1b3a2abbca5da808",2,"2/1/1998",NA,NA,NA,4,5,6,5,3,5,4,6,3,5,5,5,4,3,4,5,4,3,7,4,5,5,3,5,5,6,4,4,6,4,5,2,6,4,5,4,4,4,3,2,4,5,3
"135","afce7a0a6f19f2629feab5fd486250ff","2/10/1994",NA,NA,NA,"bb57b6b64856fa4c3ebb2b20efa41b08",2,"6/11/2000",NA,NA,NA,5,4,4,3,3,6,6,6,5,4,3,3,6,2,6,3,4,4,3,3,6,6,5,4,4,4,4,3,5,2,4,4,3,3,4,4,5,5,2,2,3,4,4
"136","3938f1d564cf89e01268cc4ea3516175","8/6/1990",0,NA,NA,"57fb5d0ae4d5344f7c5304d54546929a",1,"1/14/1999",NA,NA,NA,3,3,5,4,4,3,3,3,3,6,3,4,7,1,6,6,4,3,3,4,5,3,3,6,3,4,3,5,4,2,4,2,5,4,4,1,1,6,1,2,1,2,4
"137","f6dec7800dc29bdf0d671c43bf290d05","8/1/1959",0,NA,NA,"c04f2152dd477342ab465e0f4dffb710",1,"7/24/1997",NA,NA,NA,4,4,5,5,4,2,5,2,2,5,6,4,4,5,2,4,3,2,5,5,4,5,3,3,4,4,4,5,4,5,5,3,4,4,4,3,3,5,6,2,6,4,5
"138","aa636eecdc844844b3dc47281a71566b","3/22/1993",1,NA,NA,"c04f2152dd477342ab465e0f4dffb710",1,"",NA,NA,NA,1,6,7,2,2,6,4,6,7,6,1,2,4,3,5,2,4,6,3,4,5,7,4,3,3,2,3,5,5,2,3,6,2,4,2,3,4,5,2,2,1,1,5
"139","ee6bfd61502f13edf8fdd6dc81308366","7/1/1956",0,NA,NA,"4fdbfa0a004b35f397ec4cbd1ba9c916",1,"10/4/1997",NA,NA,NA,6,2,2,6,5,5,3,3,2,5,6,5,2,5,3,5,2,3,3,6,5,3,2,2,6,7,4,5,4,3,6,3,4,6,2,5,2,5,5,2,5,6,5
"140","fc656ef0bc2658583580a80f2cc10eb5","1/1/1957",0,NA,NA,"57fb5d0ae4d5344f7c5304d54546929a",1,"1/14/1999",NA,NA,NA,3,1,4,4,3,2,2,4,1,5,4,5,4,4,3,5,1,1,3,5,5,5,2,5,4,4,2,6,4,2,5,3,5,5,2,2,2,6,2,2,1,2,4
"141","66c20904f9bcc40ffb79eab47e5e760b","1/14/1990",1,NA,NA,"b9a3c74cd48a8f5347281975470e8793",2,"7/15/2001",NA,NA,NA,2,2,5,4,7,2,2,2,2,4,3,3,1,5,1,5,4,3,2,6,4,2,1,5,3,4,2,7,6,4,4,3,2,4,2,4,1,4,5,3,5,3,4
"142","66c20904f9bcc40ffb79eab47e5e760b","1/14/1990",NA,NA,NA,"dd448847d5ea21df46d77af16f9b54e8",2,"7/29/2001",NA,NA,NA,4,4,6,4,3,5,4,5,4,4,3,4,5,3,6,4,3,5,3,4,4,6,5,5,4,4,5,3,5,4,5,4,4,5,3,3,5,4,2,3,3,6,4
"143","5abbe7d0b146159f7d2040d36622de50","8/16/1981",1,NA,NA,"b9a3c74cd48a8f5347281975470e8793",1,"7/26/2001",NA,NA,NA,2,6,5,3,4,3,2,2,3,3,3,3,3,5,3,4,4,5,4,4,3,5,4,4,1,1,2,3,3,5,3,5,4,4,4,5,4,4,6,5,4,3,5
"144","37393b438000f10c15c48f91a5bd2853","8/3/1984",1,NA,NA,"57fb5d0ae4d5344f7c5304d54546929a",1,"1/14/1999",NA,NA,NA,4,5,5,2,2,5,6,5,7,4,2,3,5,3,5,2,6,6,5,2,3,6,6,5,3,3,5,3,4,3,3,5,4,3,4,2,5,3,3,2,4,3,5
"145","3793ec6063ccec913bba090363689293","7/8/1989",1,NA,NA,"57fb5d0ae4d5344f7c5304d54546929a",1,"1/10/1999",NA,NA,NA,5,3,4,5,3,2,2,2,1,5,4,4,6,2,6,4,3,2,2,5,4,4,4,6,6,6,1,3,4,2,6,3,5,3,5,1,2,5,1,3,1,4,4
"146","14ca54ba4ac1701430ab35e64675f2f5","1/1/1964",0,NA,NA,"c5994f1ce9dccbb6f19903bd9316d0d3",1,"8/16/2000",NA,NA,NA,5,2,6,4,2,1,6,6,2,3,6,3,2,4,2,4,5,4,4,3,5,6,1,2,6,6,6,2,5,5,4,4,4,6,2,2,6,3,6,4,1,1,2
"147","d64b99a449ffb154e7dca0ef23549d32","8/3/1973",0,NA,NA,"dd448847d5ea21df46d77af16f9b54e8",2,"7/15/2001",NA,NA,NA,6,1,2,6,3,2,3,3,2,3,5,5,3,2,2,4,1,2,2,5,4,4,2,2,6,5,2,5,4,6,6,2,4,2,2,4,1,5,6,4,3,3,2
"148","d64b99a449ffb154e7dca0ef23549d32","8/3/1973",NA,NA,NA,"57fb5d0ae4d5344f7c5304d54546929a",2,"1/14/1999",NA,NA,NA,3,4,5,3,4,6,5,5,3,2,4,3,2,6,3,3,5,2,4,4,2,2,3,4,3,3,4,4,4,4,3,4,4,2,4,1,4,2,2,2,3,4,5
"149","4e508e9c71d51c665fbe8cd3fe59dffa","1/13/1971",0,NA,NA,"57fb5d0ae4d5344f7c5304d54546929a",1,"1/14/1999",NA,NA,NA,2,7,7,1,5,2,7,6,6,3,1,1,3,6,3,3,5,5,7,3,4,3,5,4,1,1,5,4,7,4,4,7,7,3,5,2,3,3,2,1,2,1,7
"150","ac8293f9c10ee85e47a1851fe9d38cc9","7/7/1960",0,NA,NA,"57fb5d0ae4d5344f7c5304d54546929a",1,"1/14/1999",NA,NA,NA,2,3,3,4,4,2,3,2,2,3,2,4,2,4,2,4,2,1,2,4,4,3,1,3,2,3,1,6,4,2,4,1,5,4,1,1,2,4,6,1,4,1,5
"151","aef96071160465362897fa9dc8efbbf5","7/7/1960",0,NA,NA,"b9a3c74cd48a8f5347281975470e8793",2,"7/15/2001",NA,NA,NA,3,1,2,6,4,1,1,1,1,3,5,4,2,5,1,2,1,1,4,6,5,4,2,2,6,5,2,6,5,4,5,1,4,3,2,5,2,3,7,1,5,4,4
"152","aef96071160465362897fa9dc8efbbf5","7/7/1960",NA,NA,NA,"0f07c7ce75d1e8f9fd3c30b72c4df5cc",2,"6/2/2000",NA,NA,NA,3,3,3,4,4,3,4,3,3,3,5,3,2,5,3,3,2,2,3,4,3,3,2,3,5,4,3,4,4,4,4,3,3,2,3,3,2,2,4,4,4,3,3
"153","6d9ee0e0e09691319791c0c22c833e92","9/18/1984",1,NA,NA,"b9a3c74cd48a8f5347281975470e8793",1,"",NA,NA,NA,1,5,2,2,3,2,2,2,3,5,1,3,4,3,4,3,3,3,4,3,4,4,3,4,4,3,4,4,4,2,4,3,5,3,2,3,3,4,4,3,3,2,6
"154","f0296970608744608d847d3b950413d5","2/10/1957",0,NA,NA,"dd448847d5ea21df46d77af16f9b54e8",2,"7/15/2001",NA,NA,NA,7,1,5,7,3,2,2,5,2,3,7,3,2,2,1,6,1,1,2,6,4,5,2,3,7,6,4,6,2,6,5,2,5,1,2,3,2,4,6,4,3,2,2
"155","f0296970608744608d847d3b950413d5","2/10/1957",NA,NA,NA,"0f07c7ce75d1e8f9fd3c30b72c4df5cc",2,"5/20/2000",NA,NA,NA,3,2,2,4,4,2,2,1,2,3,4,3,2,4,2,3,1,1,1,4,3,3,2,4,4,4,2,4,4,4,4,2,3,2,2,2,1,3,4,2,4,2,3
"156","738bf76d0e0a4922d2438485a2489cec","11/27/1984",0,NA,NA,"0a8bb5f5aa4e47f0506c75cccba38051",2,"7/27/2001",NA,NA,NA,1,6,3,5,6,1,6,6,7,6,2,3,3,2,4,3,4,2,4,3,3,6,2,1,3,2,4,7,7,2,5,6,6,4,2,2,2,5,2,1,1,6,6
"157","738bf76d0e0a4922d2438485a2489cec","11/27/1984",NA,NA,NA,"c04f2152dd477342ab465e0f4dffb710",2,"8/19/1997",NA,NA,NA,2,5,5,2,4,4,5,1,5,4,2,3,3,5,5,3,5,4,5,3,3,5,5,4,3,4,5,5,5,4,4,5,5,5,5,3,3,3,4,3,4,5,5
"158","19fdd5c6f158a8e694b741ebdd83126e","10/30/1982",0,NA,NA,"c04f2152dd477342ab465e0f4dffb710",1,"1/15/1998",NA,NA,NA,6,3,2,5,6,1,2,2,1,5,6,4,4,3,4,4,1,2,5,6,5,3,1,1,5,5,2,5,4,3,5,1,4,6,2,2,2,5,4,4,5,2,3
"159","41039cdaf5487c23d6da14d1a85b9b3c","6/27/1981",0,NA,NA,"c04f2152dd477342ab465e0f4dffb710",2,"7/23/1997",NA,NA,NA,1,7,7,2,3,1,7,7,6,4,2,2,6,4,6,3,7,4,7,2,4,5,5,6,2,2,4,4,6,2,3,6,6,5,4,4,4,4,4,4,2,4,7
"160","41039cdaf5487c23d6da14d1a85b9b3c","6/27/1981",NA,NA,NA,"dd448847d5ea21df46d77af16f9b54e8",2,"7/26/2001",NA,NA,NA,3,5,6,3,3,1,6,6,4,4,2,1,2,3,3,3,6,4,6,3,4,5,6,5,2,2,5,5,6,2,4,4,6,4,4,3,4,4,5,4,3,2,6
"161","08910f78439710de4339385bbc0c7ec2","1/6/1976",1,NA,NA,"b9a3c74cd48a8f5347281975470e8793",2,"7/15/2001",NA,NA,NA,2,5,5,2,3,2,5,5,5,4,2,4,5,4,6,4,5,5,4,3,4,5,5,5,2,2,5,5,5,2,4,4,4,4,5,2,3,3,1,3,2,4,7
"162","08910f78439710de4339385bbc0c7ec2","1/6/1976",NA,NA,NA,"4fdbfa0a004b35f397ec4cbd1ba9c916",2,"10/4/1997",NA,NA,NA,2,7,7,2,2,4,7,7,6,5,2,2,5,4,6,2,7,7,5,2,4,6,6,5,2,2,6,4,6,2,3,6,5,2,7,2,6,5,2,2,1,5,5
"163","c1c6b29c4a16ab61965ba563090e59f5","7/8/1993",0,NA,NA,"c5994f1ce9dccbb6f19903bd9316d0d3",1,"8/16/2000",NA,NA,NA,6,1,4,7,2,2,1,1,1,6,7,6,7,1,7,3,1,1,1,7,6,4,5,6,7,7,1,7,2,1,7,1,6,4,5,2,1,7,1,5,3,6,1
"164","97ff124b82efcb29d7be8066c3937d9a","12/20/1976",1,NA,NA,"c04f2152dd477342ab465e0f4dffb710",2,"7/7/1997",NA,NA,NA,1,6,6,1,2,6,6,6,6,4,4,4,4,4,4,1,7,7,4,1,2,7,7,4,2,2,7,5,6,4,4,6,4,2,4,2,6,2,4,5,1,4,6
"165","97ff124b82efcb29d7be8066c3937d9a","12/20/1976",NA,NA,NA,"dd448847d5ea21df46d77af16f9b54e8",2,"7/15/2001",NA,NA,NA,1,7,7,1,1,7,7,6,2,1,2,1,2,2,6,2,7,7,6,1,1,7,6,2,1,1,7,2,6,2,4,6,3,1,2,1,3,2,1,4,2,2,7
"166","aad4ca617291d1ca943d6503f4a49f8a","12/19/1987",0,NA,NA,"57fb5d0ae4d5344f7c5304d54546929a",1,"1/16/1999",NA,NA,NA,5,3,2,3,4,1,4,6,3,4,2,2,3,2,2,5,6,2,4,6,4,3,1,3,5,4,2,7,2,1,5,1,5,2,1,2,1,6,7,1,2,3,5
"167","2a8813ca0189e7321557fcb32b2585d2","7/14/1993",1,NA,NA,"33977d85afa8a72a1b3a2abbca5da808",1,"2/18/1998",NA,NA,NA,6,1,2,5,2,7,6,6,4,3,7,4,5,4,4,4,2,4,3,6,6,6,6,4,6,5,6,3,4,5,5,5,3,3,3,5,5,4,5,4,2,4,3
"168","01a232e390a7d21559fbda059eb60fa5","1/1/1968",0,NA,NA,"57fb5d0ae4d5344f7c5304d54546929a",1,"1/19/1999",NA,NA,NA,1,7,5,1,6,1,6,3,2,5,1,4,2,5,1,4,3,1,2,6,5,1,1,2,1,2,1,6,6,1,4,5,4,4,2,1,1,6,4,1,4,1,6
"169","f019b0999d406a6163a192279039674a","4/30/1977",1,NA,NA,"dd448847d5ea21df46d77af16f9b54e8",2,"7/26/2001",NA,NA,NA,3,4,4,3,2,5,5,6,6,3,3,2,1,6,2,2,3,3,5,1,2,5,6,3,2,3,6,4,5,4,2,4,3,3,2,3,5,2,5,4,5,3,6
"170","f019b0999d406a6163a192279039674a","4/30/1977",NA,NA,NA,"57fb5d0ae4d5344f7c5304d54546929a",2,"1/19/1999",NA,NA,NA,2,7,5,1,5,2,6,5,5,1,1,1,4,6,4,1,6,6,4,2,1,3,6,3,1,1,4,3,6,2,2,6,3,1,1,1,2,1,2,2,1,1,6
"171","b5c9985e4aebf68ce5037440a3efaa7a","1/1/1966",1,NA,NA,"2bdac43399e5231278527eaa929991f4",1,"1/12/1999",NA,NA,NA,5,6,4,4,3,2,7,7,2,6,2,4,6,2,5,2,6,5,6,3,5,5,2,5,2,2,2,6,6,1,4,1,6,5,4,1,2,4,1,1,2,1,6
"172","06d093390ae34c1b3d7d63be89af7d95","2/17/1989",0,NA,NA,"c04f2152dd477342ab465e0f4dffb710",1,"7/30/1997",NA,NA,NA,5,4,4,5,4,1,4,3,2,5,5,4,4,4,4,4,4,3,5,4,4,4,2,3,5,4,4,5,4,3,4,4,5,4,4,4,2,2,4,4,5,4,4
"173","a9c244e4a711e4d5b63384b5fd55bc8f","12/23/1978",1,NA,NA,"c04f2152dd477342ab465e0f4dffb710",2,"8/5/1997",NA,NA,NA,2,5,5,1,3,6,5,4,6,2,2,2,3,6,4,4,6,7,5,3,2,6,5,3,1,2,5,4,4,4,3,6,4,5,5,3,2,2,4,4,5,4,4
"174","a9c244e4a711e4d5b63384b5fd55bc8f","12/23/1978",NA,NA,NA,"b9a3c74cd48a8f5347281975470e8793",2,"7/15/2001",NA,NA,NA,1,6,5,1,3,5,4,5,6,1,1,2,2,5,4,3,5,4,4,2,2,4,5,4,1,2,6,3,5,4,3,5,4,2,4,3,5,1,5,5,3,4,6
"175","98151c4393ef2e149e9ee6b900b4135e","12/17/1987",0,NA,NA,"57fb5d0ae4d5344f7c5304d54546929a",1,"1/13/1999",NA,NA,NA,2,5,4,4,5,1,4,5,4,5,2,4,4,2,4,4,5,5,4,4,3,3,2,2,3,3,5,6,5,2,4,4,5,3,3,1,2,3,5,3,3,4,3
"176","637220d6e8186dc2cd8ce37319abbd62","11/3/1958",0,NA,NA,"c04f2152dd477342ab465e0f4dffb710",2,"7/30/1997",NA,NA,NA,6,3,4,4,2,6,3,3,2,4,5,3,2,2,4,4,3,2,2,3,3,5,5,2,5,5,5,5,4,2,3,3,3,3,2,5,6,4,4,6,2,4,4
"177","637220d6e8186dc2cd8ce37319abbd62","11/3/1958",NA,NA,NA,"4fdbfa0a004b35f397ec4cbd1ba9c916",2,"10/4/1997",NA,NA,NA,6,3,2,6,2,7,4,2,4,1,6,5,2,6,4,3,5,3,1,6,4,6,6,2,6,6,3,2,4,7,1,3,1,4,1,7,6,4,5,6,1,4,5
"178","bce14ec5dd844f977e6c358a7afa75ee","5/20/1991",0,NA,NA,"b9a3c74cd48a8f5347281975470e8793",2,"7/15/2001",NA,NA,NA,4,1,5,6,4,1,2,3,1,6,5,5,4,3,5,5,1,1,5,4,5,4,3,4,6,6,2,4,3,2,5,3,4,5,4,4,3,5,2,3,3,5,3
"179","bce14ec5dd844f977e6c358a7afa75ee","5/20/1991",NA,NA,NA,"dd448847d5ea21df46d77af16f9b54e8",2,"7/29/2001",NA,NA,NA,4,4,3,5,3,2,3,4,2,3,5,3,1,6,1,3,2,2,3,4,3,4,2,2,6,3,3,5,5,6,5,2,2,3,3,5,3,3,6,5,3,2,5
"180","9981fff6adfd37fff573d4a6dc0307b5","4/20/1989",1,NA,NA,"0d1cd57e9fd861f93a8ec8e7aa0bbaab",1,"1/11/1999",NA,NA,NA,1,4,5,2,3,1,2,4,5,5,1,3,4,1,4,3,5,5,2,3,5,3,1,5,2,2,1,4,5,1,3,5,5,2,3,1,1,3,1,1,2,2,5
"181","25224378df772a7358ddb5b656024ff4","1/1/1969",1,NA,NA,"c04f2152dd477342ab465e0f4dffb710",2,"11/3/1997",NA,NA,NA,1,7,7,1,3,4,7,7,6,3,3,2,2,3,5,3,7,6,5,3,3,5,3,2,1,2,4,5,5,2,4,6,1,5,1,5,2,3,4,5,2,1,6
"182","25224378df772a7358ddb5b656024ff4","1/1/1969",NA,NA,NA,"dd448847d5ea21df46d77af16f9b54e8",2,"7/25/2001",NA,NA,NA,5,3,5,5,5,2,5,4,2,3,2,5,2,6,2,5,5,2,2,5,3,2,3,3,6,2,4,5,5,7,4,3,4,3,3,4,3,4,6,5,3,2,6
"183","9b206d6a4595cb0eee6c122faa7fd10c","5/4/1988",1,NA,NA,"8bc31029242e023a9ff931f728b04a5c",1,"7/24/1997",NA,NA,NA,4,1,1,5,4,1,1,1,1,4,4,4,4,4,3,3,1,1,1,4,4,3,4,3,7,6,2,4,3,4,4,2,3,2,3,5,3,4,4,4,4,3,3
"184","b12f6876bf497db7dd28eb49230fb2fa","2/11/1994",0,NA,NA,"bb57b6b64856fa4c3ebb2b20efa41b08",1,"6/11/2000",NA,NA,NA,5,2,2,5,4,6,3,2,2,7,3,6,4,3,3,5,2,2,4,6,7,4,2,5,4,6,2,5,5,4,6,3,5,6,5,1,2,6,3,1,3,4,4
"185","41c026db775247fd7a0b387a86e83496","8/13/1988",0,NA,NA,"b9a3c74cd48a8f5347281975470e8793",1,"7/26/2001",NA,NA,NA,3,2,6,4,5,2,4,3,6,3,3,2,4,4,4,3,2,2,3,3,2,3,5,4,2,3,5,3,5,4,4,4,4,2,3,4,5,3,5,4,3,4,5
"186","868deb2ea1b6995f9c771f6543aaaf49","10/16/1978",0,NA,NA,"57fb5d0ae4d5344f7c5304d54546929a",2,"1/14/1999",NA,NA,NA,4,4,4,3,3,5,3,3,5,3,3,3,2,5,5,3,5,5,4,3,3,5,5,4,4,4,5,4,4,5,4,5,5,3,4,2,5,3,3,2,4,3,5
"187","868deb2ea1b6995f9c771f6543aaaf49","10/16/1978",NA,NA,NA,"b9a3c74cd48a8f5347281975470e8793",2,"7/15/2001",NA,NA,NA,5,2,2,5,3,2,2,1,1,3,7,3,2,5,3,3,2,2,2,5,2,4,2,2,6,5,3,5,3,5,4,2,4,2,4,5,3,3,6,3,4,3,4
"188","fa99f0d37c9f275b0c46c076885a0eb4","5/19/1982",1,NA,NA,"c04f2152dd477342ab465e0f4dffb710",1,"9/12/1997",NA,NA,NA,2,5,5,6,5,1,2,6,3,5,5,5,4,2,5,4,5,5,6,4,4,3,2,1,3,5,3,5,3,2,4,3,2,5,2,4,5,5,2,3,5,2,2
"189","27e078ba35b0de7135f63954da8d3dd1","6/23/1987",1,NA,NA,"8bc31029242e023a9ff931f728b04a5c",2,"7/18/1997",NA,NA,NA,2,5,5,2,4,1,1,5,2,4,1,5,5,1,4,5,4,4,4,3,4,3,5,5,1,2,4,3,4,1,4,4,5,4,6,1,4,4,2,1,3,2,5
"190","27e078ba35b0de7135f63954da8d3dd1","6/23/1987",NA,NA,NA,"bb57b6b64856fa4c3ebb2b20efa41b08",2,"7/16/1997",NA,NA,NA,1,6,2,4,7,1,1,5,2,6,1,5,6,1,6,6,1,2,7,6,7,2,1,7,1,3,1,6,6,1,5,6,7,5,7,4,1,7,1,1,1,1,7
"191","87db621af806c374aaa65f2c0aefec06","3/16/1992",1,NA,NA,"0d1cd57e9fd861f93a8ec8e7aa0bbaab",1,"1/11/1999",NA,NA,NA,5,3,4,4,3,1,5,5,3,5,2,2,6,2,5,3,5,5,4,3,4,2,2,5,3,4,2,3,4,1,4,4,3,3,3,3,3,4,1,3,2,4,3
"192","4087fa7f66f6a28fd8a376bd1c218b8d","12/18/1983",1,NA,NA,"c04f2152dd477342ab465e0f4dffb710",2,"11/14/1997",NA,NA,NA,1,4,5,3,5,1,5,5,5,5,2,2,6,3,4,3,5,3,5,3,4,3,3,5,2,2,2,6,7,3,4,6,5,5,5,3,2,4,4,2,4,2,6
"193","4087fa7f66f6a28fd8a376bd1c218b8d","12/18/1983",NA,NA,NA,"dd448847d5ea21df46d77af16f9b54e8",2,"7/29/2001",NA,NA,NA,3,4,5,3,5,3,5,4,4,5,3,5,4,3,4,5,3,4,3,4,4,5,3,4,3,3,4,5,5,3,4,3,5,5,3,3,3,5,4,3,3,2,3
"194","81b5518035f7594858d1fb6cca7b8764","1/20/1989",0,NA,NA,"c04f2152dd477342ab465e0f4dffb710",1,"",NA,NA,NA,2,6,5,1,4,2,6,6,6,5,3,4,5,2,5,3,6,5,5,3,4,5,5,6,2,2,3,5,5,2,4,5,5,5,5,4,4,3,3,3,3,4,5
"195","5b83fa9faa0092df11b694a036828e72","3/19/1972",0,NA,NA,"57fb5d0ae4d5344f7c5304d54546929a",1,"1/13/1999",NA,NA,NA,3,6,5,3,3,1,5,5,5,4,1,3,4,5,5,3,5,5,4,4,2,6,1,4,1,1,3,6,6,4,5,3,6,4,4,1,1,2,3,1,2,4,6
"196","7a6ee6372ea78a32654e2606ae03e106","1/11/1985",0,NA,NA,"c04f2152dd477342ab465e0f4dffb710",2,"7/10/1997",NA,NA,NA,4,5,6,5,4,7,6,2,2,4,4,4,5,3,4,4,5,5,5,4,4,6,2,4,4,5,5,6,6,5,4,5,5,5,4,2,4,4,3,4,2,4,5
"197","7a6ee6372ea78a32654e2606ae03e106","1/11/1985",NA,NA,NA,"dd448847d5ea21df46d77af16f9b54e8",2,"7/15/2001",NA,NA,NA,2,5,6,2,2,2,7,7,5,3,2,2,1,3,6,1,6,7,7,1,1,7,6,4,1,2,7,1,2,4,6,6,5,6,1,3,3,1,4,4,1,2,6
"198","3f23d4d33220b0f0ba976a30c4124196","1/23/1987",1,NA,NA,"57fb5d0ae4d5344f7c5304d54546929a",1,"1/10/1999",NA,NA,NA,1,7,7,1,5,1,3,1,6,6,1,5,5,2,5,4,6,6,7,6,6,4,6,6,1,1,3,5,7,2,6,7,7,4,7,1,2,4,1,1,1,1,7
"199","6291571c86e6cdb03c4a16389ca2fc1d","11/1/1959",0,NA,NA,"57fb5d0ae4d5344f7c5304d54546929a",2,"1/3/1999",NA,NA,NA,4,4,2,4,6,1,1,1,1,6,2,6,1,4,1,6,1,1,1,7,7,2,1,4,4,2,1,7,6,5,5,1,5,6,2,4,1,7,6,1,4,3,4
"200","6291571c86e6cdb03c4a16389ca2fc1d","11/1/1959",NA,NA,NA,"c04f2152dd477342ab465e0f4dffb710",2,"7/29/2001",NA,NA,NA,1,6,5,6,7,1,7,2,1,7,2,5,5,2,1,4,6,2,4,6,6,2,1,7,2,2,1,6,6,1,5,4,6,6,4,2,1,7,5,1,6,2,5
"201","a2753ee37dbedeb7ff4c97cc390867be","",1,NA,NA,"c04f2152dd477342ab465e0f4dffb710",1,"",NA,NA,NA,1,4,6,5,6,2,2,1,2,5,4,5,6,2,2,4,2,1,5,6,6,3,2,5,3,4,2,6,4,2,5,2,4,5,4,1,1,6,4,2,2,5,6
"202","3d965f5732eb922ebf818fc2b6c4b699","2/17/1985",0,NA,NA,"c04f2152dd477342ab465e0f4dffb710",2,"11/15/1997",NA,NA,NA,4,2,4,5,5,1,5,5,2,6,5,5,6,2,6,4,3,2,5,5,5,3,3,5,6,5,2,4,4,2,5,3,5,3,3,3,2,5,2,3,4,4,3
"203","3d965f5732eb922ebf818fc2b6c4b699","2/17/1985",NA,NA,NA,"dd448847d5ea21df46d77af16f9b54e8",2,"7/25/2001",NA,NA,NA,5,2,3,5,5,2,3,4,2,3,5,4,2,5,2,5,1,2,3,5,4,3,2,3,6,5,4,5,3,5,5,2,4,3,3,4,3,5,5,4,3,3,5
"204","b3430ebd0abb79123e9b0039750896c3","2/25/1976",0,NA,NA,"b9a3c74cd48a8f5347281975470e8793",2,"7/15/2001",NA,NA,NA,4,4,5,5,3,2,4,5,6,3,2,2,5,4,7,4,4,4,5,3,3,7,7,5,2,2,5,2,5,2,2,5,4,3,4,3,5,2,1,6,2,4,6
"205","b3430ebd0abb79123e9b0039750896c3","2/25/1976",NA,NA,NA,"57fb5d0ae4d5344f7c5304d54546929a",2,"1/14/1999",NA,NA,NA,3,5,5,3,2,3,5,5,6,2,3,2,3,3,5,4,5,4,4,2,3,5,5,4,2,3,5,4,5,3,3,4,5,2,4,1,5,3,3,2,2,3,5
"206","600926a9dff06d214cbf5b88ee9cb26b","7/19/1993",0,NA,NA,"dd448847d5ea21df46d77af16f9b54e8",2,"7/24/2001",NA,NA,NA,5,3,4,5,4,1,3,2,1,5,3,4,5,2,5,4,2,1,4,4,5,5,5,5,2,4,1,4,4,1,6,6,4,2,5,3,2,6,2,3,3,5,3
"207","600926a9dff06d214cbf5b88ee9cb26b","7/19/1993",NA,NA,NA,"0a8bb5f5aa4e47f0506c75cccba38051",2,"7/27/2001",NA,NA,NA,6,5,6,2,3,1,6,6,5,3,2,3,7,4,7,4,5,5,4,5,2,7,7,6,6,2,2,4,6,4,4,6,6,5,6,1,5,3,1,4,2,4,7
"208","8b87c6dc043576279511468ffeff4096","1/1/1967",0,NA,NA,"0d1cd57e9fd861f93a8ec8e7aa0bbaab",1,"1/11/1999",NA,NA,NA,3,2,3,3,4,1,4,2,1,3,3,3,2,5,3,4,2,2,2,5,4,5,3,4,3,4,2,6,2,2,5,2,5,3,4,2,1,3,5,3,3,1,4
"209","c921497fe1a7c1c711cb5b98e6fd65a9","2/18/1986",1,NA,NA,"c04f2152dd477342ab465e0f4dffb710",1,"8/15/1997",NA,NA,NA,2,5,6,2,2,4,3,5,6,4,2,2,5,4,5,4,6,6,6,2,3,5,5,4,3,4,5,5,5,4,3,6,5,4,4,5,5,3,2,4,3,4,5
"210","cacddddc745c724592e7635b138f19b3","9/5/1995",0,NA,NA,"2bdac43399e5231278527eaa929991f4",1,"1/12/1999",NA,NA,NA,3,2,4,4,6,1,4,2,1,6,1,5,6,1,6,4,1,2,2,6,7,2,2,7,5,3,1,4,6,1,4,1,4,4,4,2,1,6,1,1,4,4,5
"211","e16bbe8ec763aa37a5f7fa211bb87824","8/2/1989",1,NA,NA,"57fb5d0ae4d5344f7c5304d54546929a",1,"1/13/1999",NA,NA,NA,4,5,5,2,2,1,5,5,6,4,1,1,4,1,5,2,6,4,5,1,3,2,2,4,2,2,3,5,6,1,3,1,3,2,3,1,2,3,4,2,2,4,5
"212","95e469f3fba6d13160861dfc81fa6544","7/27/1974",0,NA,NA,"57fb5d0ae4d5344f7c5304d54546929a",2,"1/10/1999",NA,NA,NA,4,1,2,7,4,2,2,2,2,1,4,2,1,7,2,2,2,1,1,4,2,2,2,6,7,4,4,6,4,6,4,1,4,1,2,1,1,2,6,2,6,2,5
"213","95e469f3fba6d13160861dfc81fa6544","7/27/1974",NA,NA,NA,"c04f2152dd477342ab465e0f4dffb710",2,"8/22/1997",NA,NA,NA,4,2,5,4,3,5,5,5,5,4,5,3,3,5,3,3,5,4,4,3,3,5,4,3,6,4,5,4,5,5,3,5,5,5,3,4,4,3,5,5,2,3,4
"214","fbb70f942338b30905e4e90dde767e36","3/19/1982",0,NA,NA,"0d1cd57e9fd861f93a8ec8e7aa0bbaab",1,"1/11/1999",NA,NA,NA,2,2,2,5,3,1,3,2,2,3,5,3,3,3,3,3,3,2,2,3,3,3,2,4,5,3,1,5,3,5,4,2,3,2,3,4,3,3,5,4,5,2,4
"215","ab25a1597a264882b298c7d07935c16f","5/21/1954",0,NA,NA,"c04f2152dd477342ab465e0f4dffb710",1,"8/11/1997",NA,NA,NA,5,2,2,5,2,6,1,2,2,3,5,4,2,6,2,2,1,1,4,4,3,5,5,4,6,6,4,5,4,6,3,4,3,4,3,5,5,4,4,6,3,4,5
"216","c7036bc77859392fc6f4e26197a75e63","10/27/1988",0,NA,NA,"c04f2152dd477342ab465e0f4dffb710",2,"7/23/1997",NA,NA,NA,2,5,5,5,6,1,3,5,2,6,2,3,5,2,5,4,5,2,5,5,5,3,2,4,4,3,1,7,5,1,5,3,5,5,4,4,4,4,4,5,5,4,6
"217","c7036bc77859392fc6f4e26197a75e63","10/27/1988",NA,NA,NA,"b9a3c74cd48a8f5347281975470e8793",2,"7/26/2001",NA,NA,NA,2,4,3,4,4,1,4,3,3,4,3,3,3,4,4,4,1,1,5,5,4,3,3,2,4,3,3,6,5,4,4,4,4,4,4,4,3,4,4,3,6,4,5
"218","2c6b9181578be453832ff8991f03be43","3/9/1994",1,NA,NA,"33977d85afa8a72a1b3a2abbca5da808",2,"2/18/1998",NA,NA,NA,5,5,5,5,3,2,5,5,6,6,4,4,6,3,6,5,4,3,3,5,6,4,4,3,4,5,4,5,3,2,6,4,2,6,5,6,4,6,4,5,3,5,3
"219","2c6b9181578be453832ff8991f03be43","3/9/1994",NA,NA,NA,"bb57b6b64856fa4c3ebb2b20efa41b08",2,"6/11/2000",NA,NA,NA,5,3,4,5,3,6,4,5,5,6,5,5,6,2,6,5,4,4,5,4,6,6,4,6,4,5,2,4,3,2,5,3,3,5,3,2,3,6,2,1,2,5,3
"220","91733c0c901978e117d0aabf9fc1154b","1/12/1987",1,NA,NA,"8bc31029242e023a9ff931f728b04a5c",2,"12/8/1997",NA,NA,NA,2,5,5,3,4,2,3,3,3,4,2,3,4,4,4,4,4,5,4,3,3,5,5,4,2,2,4,3,4,3,4,4,5,4,4,3,5,4,3,3,3,3,4
"221","91733c0c901978e117d0aabf9fc1154b","1/12/1987",NA,NA,NA,"b9a3c74cd48a8f5347281975470e8793",2,"7/15/2001",NA,NA,NA,2,5,6,2,2,2,2,6,6,3,1,2,3,4,5,4,5,5,4,2,3,6,5,5,1,2,6,5,6,3,3,5,4,2,4,3,4,3,3,4,2,4,5
"222","d11cf93ea2e5c3dbad1ad72c394ae94d","7/22/1975",1,NA,NA,"dd448847d5ea21df46d77af16f9b54e8",2,"7/16/2001",NA,NA,NA,3,2,6,5,6,2,4,4,2,5,2,5,3,2,3,5,1,1,2,6,5,3,3,6,6,2,2,6,6,3,5,2,5,4,5,3,2,6,6,2,3,4,6
"223","d11cf93ea2e5c3dbad1ad72c394ae94d","7/22/1975",NA,NA,NA,"c04f2152dd477342ab465e0f4dffb710",2,"9/15/1997",NA,NA,NA,4,2,5,5,4,3,3,3,2,3,6,4,2,5,1,3,1,2,2,4,2,2,3,2,6,5,2,4,2,5,2,2,1,3,2,5,3,3,6,6,5,2,4
